db92c6f51cab80280e436cf783068cedd8ff770b,DELETE,executable,jreproduct/org.testeditor.feature/win32-x86/jre/COPYRIGHT,3409,
5f5681cff238316510bdb3a50b364b9aa42c215b,DELETE,executable,jreproduct/org.testeditor.feature/win32-x86/jre/LICENSE,41,
62b1abfd1375b976b21b1d295de1f84e5345d2eb,DELETE,executable,jreproduct/org.testeditor.feature/win32-x86/jre/README.txt,47,
813c59fe7dcb9ec19b913d542e0284c406c56843,DELETE,executable,jreproduct/org.testeditor.feature/win32-x86/jre/THIRDPARTYLICENSEREADME-JAVAFX.txt,125105,
ee675f710567988f52b32aace0fa80d895b15b18,DELETE,executable,jreproduct/org.testeditor.feature/win32-x86/jre/THIRDPARTYLICENSEREADME.txt,176976,
f38d828c2ef5f40e6e789d0658bb3ec63752d9d3,DELETE,executable,jreproduct/org.testeditor.feature/win32-x86/jre/Welcome.html,983,
98f1dbe71b78b59e1649d22ad9ef0d009ac7fc0b,DELETE,executable,jreproduct/org.testeditor.feature/win32-x86/jre/bin/JAWTAccessBridge-32.dll,15272,
3bea7765680971796129ca9836493efa50ec3af0,DELETE,executable,jreproduct/org.testeditor.feature/win32-x86/jre/bin/JAWTAccessBridge.dll,15272,
771f00fc828057d49258f98a20ae9c0a1436eab3,DELETE,executable,jreproduct/org.testeditor.feature/win32-x86/jre/bin/JavaAccessBridge-32.dll,124840,
f53c7c2e424cc435f6958e84a420a526e412713b,DELETE,executable,jreproduct/org.testeditor.feature/win32-x86/jre/bin/JavaAccessBridge.dll,124328,
e36194b30336d26e4b3bdd7c1cd80293711eabf6,DELETE,executable,jreproduct/org.testeditor.feature/win32-x86/jre/bin/JdbcOdbc.dll,45992,
d0efc6b54eb9140b2b48990cc1023edb47027ca5,DELETE,executable,jreproduct/org.testeditor.feature/win32-x86/jre/bin/WindowsAccessBridge-32.dll,96168,
035e9db35f5bbf38a436087dc18918eb7d9e7fbe,DELETE,executable,jreproduct/org.testeditor.feature/win32-x86/jre/bin/WindowsAccessBridge.dll,94632,
a6bec3ec611dd5938dbdfb34d0f7d83a38880f03,DELETE,executable,jreproduct/org.testeditor.feature/win32-x86/jre/bin/awt.dll,1173416,
578914ddb7707f0ee3ae0cafbb89ac4d031863c4,DELETE,executable,jreproduct/org.testeditor.feature/win32-x86/jre/bin/axbridge.dll,153000,
32e2cdace77b687254f3726fc0c4d49530670e12,DELETE,executable,jreproduct/org.testeditor.feature/win32-x86/jre/bin/client/Xusage.txt,1447,
b8bc6fcde49fb18ee5207b6a1e777e0c09ca7752,DELETE,executable,jreproduct/org.testeditor.feature/win32-x86/jre/bin/client/jvm.dll,3565480,
ecb669073d7f2919cb4659ca2b2adccb45534ecb,DELETE,executable,jreproduct/org.testeditor.feature/win32-x86/jre/bin/dcpr.dll,142248,
4264517a6010f59aa44140655179e780194a24e5,DELETE,executable,jreproduct/org.testeditor.feature/win32-x86/jre/bin/decora-sse.dll,62888,
3b0c35005c0f8224c497d99ef55fb6d6ba9a5f2a,DELETE,executable,jreproduct/org.testeditor.feature/win32-x86/jre/bin/deploy.dll,370600,
b6f3d81e7376ad1f7323f3671b6cf0e8d50aded3,DELETE,executable,jreproduct/org.testeditor.feature/win32-x86/jre/bin/dt_shmem.dll,25512,
31d5c614331ccc731367fd4fd758d633da341b77,DELETE,executable,jreproduct/org.testeditor.feature/win32-x86/jre/bin/dt_socket.dll,21928,
2360ec5e427e027ae44d6802191287ca400815f3,DELETE,executable,jreproduct/org.testeditor.feature/win32-x86/jre/bin/dtplugin/deployJava1.dll,800168,
6c817df11465173fec0ef1604657cfa5cb2ec873,DELETE,executable,jreproduct/org.testeditor.feature/win32-x86/jre/bin/dtplugin/npdeployJava1.dll,877480,
a20dec9ab514ac41f775924817bb692c4a41b288,DELETE,executable,jreproduct/org.testeditor.feature/win32-x86/jre/bin/eula.dll,108968,
70a445277c97d66ecbed9d070cb7d7fe8991a584,DELETE,executable,jreproduct/org.testeditor.feature/win32-x86/jre/bin/fontmanager.dll,221096,
41a15606e082fa515e43d0af8972270fe5cf9812,DELETE,executable,jreproduct/org.testeditor.feature/win32-x86/jre/bin/fxplugins.dll,156584,
25ac34eabf75f2668d0a380f49b5d5b01e4e0540,DELETE,executable,jreproduct/org.testeditor.feature/win32-x86/jre/bin/glass.dll,159656,
f9068e3923115283d20ec5337dec25e5ec28c47f,DELETE,executable,jreproduct/org.testeditor.feature/win32-x86/jre/bin/glib-lite.dll,408488,
6b280478680bb171eedbb978d4b59804308a3b24,DELETE,executable,jreproduct/org.testeditor.feature/win32-x86/jre/bin/gstreamer-lite.dll,505768,
55754f76654d73ac8bad64849de43c006a83977c,DELETE,executable,jreproduct/org.testeditor.feature/win32-x86/jre/bin/hprof.dll,132520,
facaa9850f6e71d606a0d4f513108b709c128da8,DELETE,executable,jreproduct/org.testeditor.feature/win32-x86/jre/bin/installer.dll,207776,
bd5c440de3ef415b4de12cc6662bf3e3a688f012,DELETE,executable,jreproduct/org.testeditor.feature/win32-x86/jre/bin/instrument.dll,115112,
9d28bd320c081e7cf9fbd26e8bcff40a96a668b0,DELETE,executable,jreproduct/org.testeditor.feature/win32-x86/jre/bin/j2pcsc.dll,16296,
c661da4d3073be53b504081bd3226b8ec6801bd4,DELETE,executable,jreproduct/org.testeditor.feature/win32-x86/jre/bin/j2pkcs11.dll,51112,
a68006eb97c8939235b82834d5f753585861eedf,DELETE,executable,jreproduct/org.testeditor.feature/win32-x86/jre/bin/jaas_nt.dll,19880,
bde8254c7d415cdc1624690f604a9db6d59c08ee,DELETE,executable,jreproduct/org.testeditor.feature/win32-x86/jre/bin/jabswitch.exe,48040,
467037175d72c2ededa3d756e00c56a4607e5967,DELETE,executable,jreproduct/org.testeditor.feature/win32-x86/jre/bin/java-rmi.exe,15784,
c486564610b38e8032978da643662d2e86ff1d9f,DELETE,executable,jreproduct/org.testeditor.feature/win32-x86/jre/bin/java.dll,120232,
9afc34a73a80ab68c5cf1440735c35fbc086de18,DELETE,executable,jreproduct/org.testeditor.feature/win32-x86/jre/bin/java.exe,174504,
bd666b9d91e3de26742cbc7957bef8e9cacab3ba,DELETE,executable,jreproduct/org.testeditor.feature/win32-x86/jre/bin/java_crw_demo.dll,23976,
326aeac27e5413c73ee971852ee006cf76672088,DELETE,executable,jreproduct/org.testeditor.feature/win32-x86/jre/bin/javacpl.cpl,145408,
a7e300b7020d3928dc6a89221719d802ed0bb28e,DELETE,executable,jreproduct/org.testeditor.feature/win32-x86/jre/bin/javacpl.exe,66984,
b2cfb2ee998e84c44aad2bfd6bca25990b430e29,DELETE,executable,jreproduct/org.testeditor.feature/win32-x86/jre/bin/javafx-font.dll,243112,
c183b260c8e6dbb2ad458babc3d43ba37e35607b,DELETE,executable,jreproduct/org.testeditor.feature/win32-x86/jre/bin/javafx-iio.dll,188328,
899a2f1710cde513e4606d1c06e63e2f703b3892,DELETE,executable,jreproduct/org.testeditor.feature/win32-x86/jre/bin/javaw.exe,175016,
1d5e399b6dbec1f9f88350cf7dfe9587705cfbb8,DELETE,executable,jreproduct/org.testeditor.feature/win32-x86/jre/bin/javaws.exe,264616,
c0b171743566de5c83cb961487b3ab3af4b162b9,DELETE,executable,jreproduct/org.testeditor.feature/win32-x86/jre/bin/jawt.dll,14248,
d7882dec3026c6e49d65ad175d84fbac3778f131,DELETE,executable,jreproduct/org.testeditor.feature/win32-x86/jre/bin/jdwp.dll,164776,
ec011d52bee95ea7ef3dfe9dbb51d56746e726f3,DELETE,executable,jreproduct/org.testeditor.feature/win32-x86/jre/bin/jfr.dll,20392,
22b91510363ecb4104a1ba2f5f7fcfb59f207bff,DELETE,executable,jreproduct/org.testeditor.feature/win32-x86/jre/bin/jfxmedia.dll,110504,
67242111fe85e0bae0ba3cad6ad0f200819edb41,DELETE,executable,jreproduct/org.testeditor.feature/win32-x86/jre/bin/jfxwebkit.dll,11893160,
7636027cb1cfe12547439f04e84f9159bc071bfe,DELETE,executable,jreproduct/org.testeditor.feature/win32-x86/jre/bin/jli.dll,142760,
0adea80e6fabfed0130db018909f7b64d0a0af5f,DELETE,executable,jreproduct/org.testeditor.feature/win32-x86/jre/bin/jp2iexp.dll,201640,
49ee5a90be253fba8ef4b454aa780d5d2eab5816,DELETE,executable,jreproduct/org.testeditor.feature/win32-x86/jre/bin/jp2launcher.exe,52648,
cd5f9ae8de3f85f4ea6b466500376e76bbac3928,DELETE,executable,jreproduct/org.testeditor.feature/win32-x86/jre/bin/jp2native.dll,16808,
80f2beee9c803fa93f9244579a6aa444ccc7950f,DELETE,executable,jreproduct/org.testeditor.feature/win32-x86/jre/bin/jp2ssv.dll,171944,
59d46a684ccb003d0f8839c1c3e3b392a3653b2e,DELETE,executable,jreproduct/org.testeditor.feature/win32-x86/jre/bin/jpeg.dll,145832,
3c94232c353c177abdc2c8595e0ce1195cc602e5,DELETE,executable,jreproduct/org.testeditor.feature/win32-x86/jre/bin/jpicom.dll,93608,
97a4604e2ecb5f3523cd4f405f24c8613aaa6438,DELETE,executable,jreproduct/org.testeditor.feature/win32-x86/jre/bin/jpiexp.dll,156072,
15c73d631b594726213657e890a62b0942128cb5,DELETE,executable,jreproduct/org.testeditor.feature/win32-x86/jre/bin/jpinscp.dll,103848,
e9bbccdbf7bbb7e3cc1f80418ea3da6673de8199,DELETE,executable,jreproduct/org.testeditor.feature/win32-x86/jre/bin/jpioji.dll,69032,
7d4b240c32116d2283bebee216f9020c62550dd6,DELETE,executable,jreproduct/org.testeditor.feature/win32-x86/jre/bin/jpishare.dll,141736,
7e2f445eb9ba7411f2673f17898f8126bd140eeb,DELETE,executable,jreproduct/org.testeditor.feature/win32-x86/jre/bin/jqs.exe,182696,
c38744786fb1a6b3a9b10ca4c6157c602d67073d,DELETE,executable,jreproduct/org.testeditor.feature/win32-x86/jre/bin/jsdt.dll,16808,
89455ec4eaafb1c9f3808e7faba4dac67b051887,DELETE,executable,jreproduct/org.testeditor.feature/win32-x86/jre/bin/jsound.dll,30632,
6788bb25b538bc11128efd31b065a4bde2c4fa20,DELETE,executable,jreproduct/org.testeditor.feature/win32-x86/jre/bin/jsoundds.dll,27560,
1c479ca082f4a12f682c580828205748b6323de0,DELETE,executable,jreproduct/org.testeditor.feature/win32-x86/jre/bin/kcms.dll,178088,
0e516a47244144e6f881878ab018d695806b9be3,DELETE,executable,jreproduct/org.testeditor.feature/win32-x86/jre/bin/keytool.exe,15784,
71cc7351154b86b2b7d571e953fc48b00a6ac132,DELETE,executable,jreproduct/org.testeditor.feature/win32-x86/jre/bin/kinit.exe,15784,
5171d6311cb8f4503bc1d775aeaa57197ff92b45,DELETE,executable,jreproduct/org.testeditor.feature/win32-x86/jre/bin/klist.exe,15784,
90b407f41590b4b067e13a52bd6fc1e77e1263ec,DELETE,executable,jreproduct/org.testeditor.feature/win32-x86/jre/bin/ktab.exe,15784,
2387a88b963a3dde445034144fcb3f007f886511,DELETE,executable,jreproduct/org.testeditor.feature/win32-x86/jre/bin/libxml2.dll,504232,
cf8aa3f906d5afc514c31adcfe21222f4d2f1381,DELETE,executable,jreproduct/org.testeditor.feature/win32-x86/jre/bin/libxslt.dll,164776,
3fdcb3e26c1366dc3d3667eab4e6b3cfc8bca0c3,DELETE,executable,jreproduct/org.testeditor.feature/win32-x86/jre/bin/management.dll,31656,
854d6a2bb91db3062091573dfc2b5a66c5ae1ae3,DELETE,executable,jreproduct/org.testeditor.feature/win32-x86/jre/bin/mlib_image.dll,573864,
3e82b1aeace3a21d8b38ff5f6c1c2d8269da4507,DELETE,executable,jreproduct/org.testeditor.feature/win32-x86/jre/bin/msvcr100.dll,773968,
04285f0114b3d9e2abff81e6b03762cc3e1ad11c,DELETE,executable,jreproduct/org.testeditor.feature/win32-x86/jre/bin/net.dll,75688,
ce7b3055ca6304c184643f5f3fe3b4bfebcabcc0,DELETE,executable,jreproduct/org.testeditor.feature/win32-x86/jre/bin/nio.dll,50088,
4538468802a3f67b634b9df7103498c5439da29a,DELETE,executable,jreproduct/org.testeditor.feature/win32-x86/jre/bin/npjpi170_51.dll,223144,
cf428c630fb8d2fe539c27cea9135d6b209e7c78,DELETE,executable,jreproduct/org.testeditor.feature/win32-x86/jre/bin/npoji610.dll,220584,
9e6a6b44514061323768ca99d4823fa25ba40858,DELETE,executable,jreproduct/org.testeditor.feature/win32-x86/jre/bin/npt.dll,17832,
5b8beeeace9edd2547c9523ce6e514279d46836c,DELETE,executable,jreproduct/org.testeditor.feature/win32-x86/jre/bin/orbd.exe,15784,
d93a1a924420040fb5c916af907a88d9f4d77b36,DELETE,executable,jreproduct/org.testeditor.feature/win32-x86/jre/bin/pack200.exe,15784,
3e82b1aeace3a21d8b38ff5f6c1c2d8269da4507,DELETE,executable,jreproduct/org.testeditor.feature/win32-x86/jre/bin/plugin2/msvcr100.dll,773968,
38707fcb720db7ef24af181a66b064c869ffca7f,DELETE,executable,jreproduct/org.testeditor.feature/win32-x86/jre/bin/plugin2/npjp2.dll,163752,
7da7279735ef7f8ea0a08bacf6a6d6673d08d657,DELETE,executable,jreproduct/org.testeditor.feature/win32-x86/jre/bin/policytool.exe,15784,
ddfbc19be9e60fd40c077eca2620728c720132f0,DELETE,executable,jreproduct/org.testeditor.feature/win32-x86/jre/bin/prism-d3d.dll,44968,
5eb373de33491f4f43c8a6ac6abd67cab3d51436,DELETE,executable,jreproduct/org.testeditor.feature/win32-x86/jre/bin/rmid.exe,15784,
f92898262ec3f9649446c9b052c472e2423c0117,DELETE,executable,jreproduct/org.testeditor.feature/win32-x86/jre/bin/rmiregistry.exe,15784,
6e40e9ca096fb57d9195b87156bbadf773c845f3,DELETE,executable,jreproduct/org.testeditor.feature/win32-x86/jre/bin/servertool.exe,15784,
b2947fd042984c731e4c640f40cfaa3d254adb00,DELETE,executable,jreproduct/org.testeditor.feature/win32-x86/jre/bin/splashscreen.dll,196520,
c497c46e514d33746243c81db57230ae624249bc,DELETE,executable,jreproduct/org.testeditor.feature/win32-x86/jre/bin/ssv.dll,462760,
cc0a1a7011be4187f33ffb7298c4a44cadf68567,DELETE,executable,jreproduct/org.testeditor.feature/win32-x86/jre/bin/ssvagent.exe,49064,
59982a505b8c9e4e7581503f20c74a1f85bd64d9,DELETE,executable,jreproduct/org.testeditor.feature/win32-x86/jre/bin/sunec.dll,123816,
ce762a6f7c8c88fad6c64ebfeec8f619a5092302,DELETE,executable,jreproduct/org.testeditor.feature/win32-x86/jre/bin/sunmscapi.dll,25512,
34a58767e225edbfc34b205c2f46da51d94162f7,DELETE,executable,jreproduct/org.testeditor.feature/win32-x86/jre/bin/t2k.dll,192936,
d2999f21f8e2ab53b40509b04ce1676bcfcac6bc,DELETE,executable,jreproduct/org.testeditor.feature/win32-x86/jre/bin/tnameserv.exe,16296,
6eca8f43a31ecc40d3990e0c6505c68d677d8e64,DELETE,executable,jreproduct/org.testeditor.feature/win32-x86/jre/bin/unpack.dll,58280,
9db7ca307fccf36a788be2ad5975de0099519387,DELETE,executable,jreproduct/org.testeditor.feature/win32-x86/jre/bin/unpack200.exe,146344,
d5ec5e786e1e8d4fe3be66e4ac5fb704c8cb6b3f,DELETE,executable,jreproduct/org.testeditor.feature/win32-x86/jre/bin/verify.dll,39848,
521d7ed0b5b65a62c3528f5d94d2b0a40a52fa9b,DELETE,executable,jreproduct/org.testeditor.feature/win32-x86/jre/bin/w2k_lsa_auth.dll,21416,
a67ee545ad333babefeb6525c58e59577cb1f8df,DELETE,executable,jreproduct/org.testeditor.feature/win32-x86/jre/bin/wsdetect.dll,163240,
5953a853bbbcaf9d1be80c41b4bc8c699e2f1e68,DELETE,executable,jreproduct/org.testeditor.feature/win32-x86/jre/bin/zip.dll,66984,
7217be09feb9793fcecce5df40e209955d29ccf7,DELETE,executable,jreproduct/org.testeditor.feature/win32-x86/jre/lib/accessibility.properties,155,
107c2f0064fbd376bdd12f3f75f2c161da0b91f8,DELETE,executable,jreproduct/org.testeditor.feature/win32-x86/jre/lib/alt-rt.jar,172765,
772ebba6c0698b295d412e1e4dd28ffc5c82d650,DELETE,executable,jreproduct/org.testeditor.feature/win32-x86/jre/lib/calendars.properties,1232,
774c554086ccada68b8d58bbae9fc138b3f137ff,DELETE,executable,jreproduct/org.testeditor.feature/win32-x86/jre/lib/charsets.jar,3556391,
68c789bb561c5f9c64a430241140e592c2b5a77e,DELETE,executable,jreproduct/org.testeditor.feature/win32-x86/jre/lib/classlist,75075,
db3ba20a9b6aecadc6d8cd8eb62fb7fb5ee03a29,DELETE,executable,jreproduct/org.testeditor.feature/win32-x86/jre/lib/cmm/CIEXYZ.pf,51236,
e31a4a777cde70c4a40e2c4e8d13c2267417e697,DELETE,executable,jreproduct/org.testeditor.feature/win32-x86/jre/lib/cmm/GRAY.pf,632,
eadae048db88848b32c08ef255a07a2f427d6a85,DELETE,executable,jreproduct/org.testeditor.feature/win32-x86/jre/lib/cmm/LINEAR_RGB.pf,1044,
1c49e0bb913ff39b40b1b97a2582271e35851daa,DELETE,executable,jreproduct/org.testeditor.feature/win32-x86/jre/lib/cmm/PYCC.pf,274474,
7f9d18d097d1bcccb32e6d5743ac4af593170b6f,DELETE,executable,jreproduct/org.testeditor.feature/win32-x86/jre/lib/cmm/sRGB.pf,3144,
894935256763fb0930dcb662bba3e3bcaf31c303,DELETE,executable,jreproduct/org.testeditor.feature/win32-x86/jre/lib/content-types.properties,5548,
e3ab3a68a718eebcbf0e0d4ac099df009f372b43,DELETE,executable,jreproduct/org.testeditor.feature/win32-x86/jre/lib/currency.data,4200,
e599546ee7744790eaf19e850291ad49b90006e5,DELETE,executable,jreproduct/org.testeditor.feature/win32-x86/jre/lib/deploy.jar,4585746,
d5a7546190e8c222b8d806abf5fdafd105feea57,DELETE,executable,jreproduct/org.testeditor.feature/win32-x86/jre/lib/deploy/ffjcext.zip,18636,
fbb5e47a704a5ff7ee04544112afe211df5d8336,DELETE,executable,jreproduct/org.testeditor.feature/win32-x86/jre/lib/deploy/jqs/jqs.conf,40814,
3ef770cc55593ad5875883820df7a7db837a9476,DELETE,executable,jreproduct/org.testeditor.feature/win32-x86/jre/lib/deploy/jqs/jqsmessages.properties,1720,
408b2a81f4f7c4acf0f0ae75d05470b6f0350d93,DELETE,executable,jreproduct/org.testeditor.feature/win32-x86/jre/lib/deploy/messages.properties,2860,
8faae6af9434eef80545a6fb3201a1b28b6ec92d,DELETE,executable,jreproduct/org.testeditor.feature/win32-x86/jre/lib/deploy/messages_de.properties,3306,
80c556df3915a95e946135da41143eab41b8df16,DELETE,executable,jreproduct/org.testeditor.feature/win32-x86/jre/lib/deploy/messages_es.properties,3600,
090eb761c80f65a97f5629f1ccd5aff2e02f2775,DELETE,executable,jreproduct/org.testeditor.feature/win32-x86/jre/lib/deploy/messages_fr.properties,3409,
b717ec1b452e4b7d865a133b4e112bbaa6471814,DELETE,executable,jreproduct/org.testeditor.feature/win32-x86/jre/lib/deploy/messages_it.properties,3223,
4152dcca99127766f593cacfe0ab67c88fedf617,DELETE,executable,jreproduct/org.testeditor.feature/win32-x86/jre/lib/deploy/messages_ja.properties,6349,
ae0549f1e2582ddab25577f15dd3ccbfcb4985ee,DELETE,executable,jreproduct/org.testeditor.feature/win32-x86/jre/lib/deploy/messages_ko.properties,5719,
ebe58db31c3d1d9b2b4dc4a38eb44f02e9a359a8,DELETE,executable,jreproduct/org.testeditor.feature/win32-x86/jre/lib/deploy/messages_pt_BR.properties,3348,
e56e520fc4f7d8b2e6f73ee069589325b36ad082,DELETE,executable,jreproduct/org.testeditor.feature/win32-x86/jre/lib/deploy/messages_sv.properties,3409,
40ea550461d8a7e4f2f99d050edf3156354cd499,DELETE,executable,jreproduct/org.testeditor.feature/win32-x86/jre/lib/deploy/messages_zh_CN.properties,4072,
d7d9365153afd340114c916ac0c55de32d8654b9,DELETE,executable,jreproduct/org.testeditor.feature/win32-x86/jre/lib/deploy/messages_zh_HK.properties,3752,
d7d9365153afd340114c916ac0c55de32d8654b9,DELETE,executable,jreproduct/org.testeditor.feature/win32-x86/jre/lib/deploy/messages_zh_TW.properties,3752,
45754f384c84298bf4e7b6809fe46b9266821342,DELETE,executable,jreproduct/org.testeditor.feature/win32-x86/jre/lib/deploy/splash.gif,13959,
fe8357d47d2536c8227a45d7bf848a457b66d123,DELETE,executable,jreproduct/org.testeditor.feature/win32-x86/jre/lib/ext/access-bridge-32.jar,84216,
dc5dbd411da3e9e8b800d514e4fecf3482892bed,DELETE,executable,jreproduct/org.testeditor.feature/win32-x86/jre/lib/ext/access-bridge.jar,84201,
174539a1f925d469362cc27c936df06eba3cd154,DELETE,executable,jreproduct/org.testeditor.feature/win32-x86/jre/lib/ext/dnsns.jar,8934,
5028052e38968abdd5f4f6624d8546d920486ced,DELETE,executable,jreproduct/org.testeditor.feature/win32-x86/jre/lib/ext/jaccess.jar,43594,
4c9ec9a826ff1e432b613c373c89a9c38afcb4bf,DELETE,executable,jreproduct/org.testeditor.feature/win32-x86/jre/lib/ext/localedata.jar,1014713,
af1212b8ebbb19d7005588d3158f6077dcb59dc3,DELETE,executable,jreproduct/org.testeditor.feature/win32-x86/jre/lib/ext/meta-index,829,
b860145e4275f7684bd3515197132e2772dd45a4,DELETE,executable,jreproduct/org.testeditor.feature/win32-x86/jre/lib/ext/sunec.jar,15941,
71592dc97371accbb1d7185d4518c5bc4322d75c,DELETE,executable,jreproduct/org.testeditor.feature/win32-x86/jre/lib/ext/sunjce_provider.jar,198101,
750ac5f8fd207cb854a5589b543b1c9a3b71fef0,DELETE,executable,jreproduct/org.testeditor.feature/win32-x86/jre/lib/ext/sunmscapi.jar,30695,
e6b57fbbf8a6ee90ffa84c64ba25492189c7363e,DELETE,executable,jreproduct/org.testeditor.feature/win32-x86/jre/lib/ext/sunpkcs11.jar,237244,
40f78cb18ee2f7cf701fd5fd04bda9080db79e76,DELETE,executable,jreproduct/org.testeditor.feature/win32-x86/jre/lib/ext/zipfs.jar,68762,
c80f1cf90f0155f74355940aaf193b8e87bf82cf,DELETE,executable,jreproduct/org.testeditor.feature/win32-x86/jre/lib/flavormap.properties,3928,
c9dda5891abf63fa47de6639a0fef3d8900b002c,DELETE,executable,jreproduct/org.testeditor.feature/win32-x86/jre/lib/fontconfig.bfc,3670,
a2acd2363dfe9cb175138573c2d4208a99dec401,DELETE,executable,jreproduct/org.testeditor.feature/win32-x86/jre/lib/fontconfig.properties.src,10479,
8073c35e82c2304b48c002058226157c7addef33,DELETE,executable,jreproduct/org.testeditor.feature/win32-x86/jre/lib/fonts/LucidaBrightDemiBold.ttf,75144,
bae8c67bd534377acf9055b6e0df9a938ef10a86,DELETE,executable,jreproduct/org.testeditor.feature/win32-x86/jre/lib/fonts/LucidaBrightDemiItalic.ttf,75124,
c26afa3bc6ecb565f72c17a258393c97408c305e,DELETE,executable,jreproduct/org.testeditor.feature/win32-x86/jre/lib/fonts/LucidaBrightItalic.ttf,80856,
79738f19db439ab62f46c4f424b259b75f82c2a1,DELETE,executable,jreproduct/org.testeditor.feature/win32-x86/jre/lib/fonts/LucidaBrightRegular.ttf,344908,
a15910e1d680cb8bf34d99b162baf27d257625de,DELETE,executable,jreproduct/org.testeditor.feature/win32-x86/jre/lib/fonts/LucidaSansDemiBold.ttf,317896,
4cabe6e7643b0fd1cf36611f23f74d9d6ac6f871,DELETE,executable,jreproduct/org.testeditor.feature/win32-x86/jre/lib/fonts/LucidaSansRegular.ttf,698236,
ac66d4f2b178042c1d10c1ada2df053ca234d2ca,DELETE,executable,jreproduct/org.testeditor.feature/win32-x86/jre/lib/fonts/LucidaTypewriterBold.ttf,234068,
029518422f6a6b12ca372acd0575d2a2b749418a,DELETE,executable,jreproduct/org.testeditor.feature/win32-x86/jre/lib/fonts/LucidaTypewriterRegular.ttf,242700,
bf4272a795089b76c1a423748a5c755a852cabd3,DELETE,executable,jreproduct/org.testeditor.feature/win32-x86/jre/lib/i386/jvm.cfg,686,
77ce9250b99727e3c1b4f4501536ccbcc0f58f13,DELETE,executable,jreproduct/org.testeditor.feature/win32-x86/jre/lib/images/cursors/cursors.properties,1280,
64c265d3e9f3f1d8e9486b0c6562beb6249452e5,DELETE,executable,jreproduct/org.testeditor.feature/win32-x86/jre/lib/images/cursors/invalid32x32.gif,153,
8a47b47f9a7c5d1961acbd18bf5da2a7c42d4212,DELETE,executable,jreproduct/org.testeditor.feature/win32-x86/jre/lib/images/cursors/win32_CopyDrop32x32.gif,165,
64c265d3e9f3f1d8e9486b0c6562beb6249452e5,DELETE,executable,jreproduct/org.testeditor.feature/win32-x86/jre/lib/images/cursors/win32_CopyNoDrop32x32.gif,153,
be3628fe8dd62ed4fc89e0eba2bcb1f6fb43fc76,DELETE,executable,jreproduct/org.testeditor.feature/win32-x86/jre/lib/images/cursors/win32_LinkDrop32x32.gif,168,
64c265d3e9f3f1d8e9486b0c6562beb6249452e5,DELETE,executable,jreproduct/org.testeditor.feature/win32-x86/jre/lib/images/cursors/win32_LinkNoDrop32x32.gif,153,
a2d986bab98db68aec96f8a155c2bc7079ad7486,DELETE,executable,jreproduct/org.testeditor.feature/win32-x86/jre/lib/images/cursors/win32_MoveDrop32x32.gif,147,
64c265d3e9f3f1d8e9486b0c6562beb6249452e5,DELETE,executable,jreproduct/org.testeditor.feature/win32-x86/jre/lib/images/cursors/win32_MoveNoDrop32x32.gif,153,
85174329b2da7fb2a89f7d5535b5d4603254ea22,DELETE,executable,jreproduct/org.testeditor.feature/win32-x86/jre/lib/javafx.properties,29,
68867fc1e26572ddd31a30ff90f1d12066d65e64,DELETE,executable,jreproduct/org.testeditor.feature/win32-x86/jre/lib/javaws.jar,894459,
0f61c1839c568d1af49c6f4abcef7b85b839d3ae,DELETE,executable,jreproduct/org.testeditor.feature/win32-x86/jre/lib/jce.jar,109504,
decb35420d0d02e39c6c17de2900668732a15f06,DELETE,executable,jreproduct/org.testeditor.feature/win32-x86/jre/lib/jfr.jar,532559,
35db8724fdbaee665c683157c5d3e9fa4aac11d2,DELETE,executable,jreproduct/org.testeditor.feature/win32-x86/jre/lib/jfr/default.jfc,18574,
becc4cd8157fcf4027925187b5074dade305cd7d,DELETE,executable,jreproduct/org.testeditor.feature/win32-x86/jre/lib/jfr/profile.jfc,18531,
b62618bdf2acc9f6cbe7063e8e6174861268aff5,DELETE,executable,jreproduct/org.testeditor.feature/win32-x86/jre/lib/jfxrt.jar,13550789,
8451d1345efdaebdfebb6cf238c7d1d61f30618a,DELETE,executable,jreproduct/org.testeditor.feature/win32-x86/jre/lib/jsse.jar,526219,
3c8e5fcdb08334532a3cef2ac8abcd255501e2e6,DELETE,executable,jreproduct/org.testeditor.feature/win32-x86/jre/lib/jvm.hprof.txt,4226,
65cf1b1b7dc9700ada1f3412ca2605ac7bb6b226,DELETE,executable,jreproduct/org.testeditor.feature/win32-x86/jre/lib/logging.properties,2455,
c2903e063683f0efdb1d1ba64b2adde19ecad744,DELETE,executable,jreproduct/org.testeditor.feature/win32-x86/jre/lib/management-agent.jar,385,
ce80b47a1a82d3fab01d4fc4eadf4f7d63a7c84b,DELETE,executable,jreproduct/org.testeditor.feature/win32-x86/jre/lib/management/jmxremote.access,3998,
a7e7daac554f01f6b025ee4bc3416aa671f0eb85,DELETE,executable,jreproduct/org.testeditor.feature/win32-x86/jre/lib/management/jmxremote.password.template,2856,
db08b780ebd4498aef6329f4bf785dab85af8fad,DELETE,executable,jreproduct/org.testeditor.feature/win32-x86/jre/lib/management/management.properties,14097,
0e766764f5e7bcb19dd758c7b4a84f070ba1262d,DELETE,executable,jreproduct/org.testeditor.feature/win32-x86/jre/lib/management/snmp.acl.template,3376,
1ca20a297217f87019b15cc0ac80af5fe9306f1a,DELETE,executable,jreproduct/org.testeditor.feature/win32-x86/jre/lib/meta-index,2190,
da78a84d511d3a137736d6f0438c3c1892515b38,DELETE,executable,jreproduct/org.testeditor.feature/win32-x86/jre/lib/net.properties,3070,
fcd8c5e68d4ee390fa2a9ada590b4b8cb253cb3e,DELETE,executable,jreproduct/org.testeditor.feature/win32-x86/jre/lib/plugin.jar,1924946,
98a895f580e2e4813b04b5c04936e6f0ce88206a,DELETE,executable,jreproduct/org.testeditor.feature/win32-x86/jre/lib/psfont.properties.ja,2796,
085f57b9c83c23563c5233775ce4001c52129d41,DELETE,executable,jreproduct/org.testeditor.feature/win32-x86/jre/lib/psfontj2d.properties,10393,
654dcfa0ede4fef04d5ff819768843aa21a16a3e,DELETE,executable,jreproduct/org.testeditor.feature/win32-x86/jre/lib/resources.jar,2450150,
41ccfc00c7381df4c31f8e889b1b0e33e858bb44,DELETE,executable,jreproduct/org.testeditor.feature/win32-x86/jre/lib/rt.jar,51581545,
2979312d253027e1db49d4fc296c0b48606c10dc,DELETE,executable,jreproduct/org.testeditor.feature/win32-x86/jre/lib/security/US_export_policy.jar,2487,
e3bd2051379a5c61349e0936a0b3eb87412ae9ab,DELETE,executable,jreproduct/org.testeditor.feature/win32-x86/jre/lib/security/blacklist,2770,
4492a7d0ec30dd281819175e447e789a694f0e33,DELETE,executable,jreproduct/org.testeditor.feature/win32-x86/jre/lib/security/cacerts,82586,
1120169fe987b303cf15d2545587d031fb8bc165,DELETE,executable,jreproduct/org.testeditor.feature/win32-x86/jre/lib/security/java.policy,2593,
f7b680eddcf1dd2023aa0405e5bdd0363bc28cf0,DELETE,executable,jreproduct/org.testeditor.feature/win32-x86/jre/lib/security/java.security,17985,
6070db8aa27370dbd71985322f51e7c575473aa8,DELETE,executable,jreproduct/org.testeditor.feature/win32-x86/jre/lib/security/javafx.policy,158,
708d0c70a548feb498132eba208109f92f2ac59b,DELETE,executable,jreproduct/org.testeditor.feature/win32-x86/jre/lib/security/javaws.policy,98,
16b86d1b5bea01d2e4e047b44d490366438b1caf,DELETE,executable,jreproduct/org.testeditor.feature/win32-x86/jre/lib/security/local_policy.jar,2971,
e69de29bb2d1d6434b8b29ae775ad8c2e48c5391,DELETE,executable,jreproduct/org.testeditor.feature/win32-x86/jre/lib/security/trusted.libraries,0,
68309d111a6050739ccd938dd4d4b9fae3f4e36d,DELETE,executable,jreproduct/org.testeditor.feature/win32-x86/jre/lib/sound.properties,1210,
706eff6eb6936e6724d2625428764e5858e1fd6d,DELETE,executable,jreproduct/org.testeditor.feature/win32-x86/jre/lib/tzmappings,8138,
f19cedd5b57e0a876e3501079db5dbd391080a6a,DELETE,executable,jreproduct/org.testeditor.feature/win32-x86/jre/lib/zi/Africa/Abidjan,65,
ef245c09e29c217360ddfc547b5a037bc081480a,DELETE,executable,jreproduct/org.testeditor.feature/win32-x86/jre/lib/zi/Africa/Accra,181,
cd5296a3db55f20e1b0a98120d5e19f8861decf1,DELETE,executable,jreproduct/org.testeditor.feature/win32-x86/jre/lib/zi/Africa/Addis_Ababa,65,
a4e7f38b6793332758a78d80fd7c8ba5688b0ed1,DELETE,executable,jreproduct/org.testeditor.feature/win32-x86/jre/lib/zi/Africa/Algiers,333,
cd5296a3db55f20e1b0a98120d5e19f8861decf1,DELETE,executable,jreproduct/org.testeditor.feature/win32-x86/jre/lib/zi/Africa/Asmara,65,
a3c9352b8a573f3729cf6029aeb3cc2f49bf63d0,DELETE,executable,jreproduct/org.testeditor.feature/win32-x86/jre/lib/zi/Africa/Bamako,85,
525637d807a295c070b5837e3d5d891a46a525fe,DELETE,executable,jreproduct/org.testeditor.feature/win32-x86/jre/lib/zi/Africa/Bangui,65,
076c18e7e81999006f01bff24b36e34940041d1c,DELETE,executable,jreproduct/org.testeditor.feature/win32-x86/jre/lib/zi/Africa/Banjul,77,
a148eb2a395790a40b9c25818e1dccd33b7a730a,DELETE,executable,jreproduct/org.testeditor.feature/win32-x86/jre/lib/zi/Africa/Bissau,77,
8128567ff39bc8d6f631cda281c55129b590685c,DELETE,executable,jreproduct/org.testeditor.feature/win32-x86/jre/lib/zi/Africa/Blantyre,65,
9663b08a41e3182a8bfcafd93098eb68428dcb11,DELETE,executable,jreproduct/org.testeditor.feature/win32-x86/jre/lib/zi/Africa/Brazzaville,65,
449568b5a6e1bd59395cd085bb77f87df3431073,DELETE,executable,jreproduct/org.testeditor.feature/win32-x86/jre/lib/zi/Africa/Bujumbura,27,
516b8de2cdadf6057fa7aecff813381f74bdf8de,DELETE,executable,jreproduct/org.testeditor.feature/win32-x86/jre/lib/zi/Africa/Cairo,1049,
34f68c60e54af7dcfd2c1202e578c890b2b34c4e,DELETE,executable,jreproduct/org.testeditor.feature/win32-x86/jre/lib/zi/Africa/Casablanca,896,
cd2849f00394c30ac991264014a8eec353ad62b8,DELETE,executable,jreproduct/org.testeditor.feature/win32-x86/jre/lib/zi/Africa/Ceuta,1112,
67d3f96aa479a95587a26a7ec9dafeeba3d07a2a,DELETE,executable,jreproduct/org.testeditor.feature/win32-x86/jre/lib/zi/Africa/Conakry,85,
d5db1226a0bfcac6bced7d353212b65d290151a8,DELETE,executable,jreproduct/org.testeditor.feature/win32-x86/jre/lib/zi/Africa/Dakar,77,
664b30403c934ea905be5f593c7d29db9f992f2b,DELETE,executable,jreproduct/org.testeditor.feature/win32-x86/jre/lib/zi/Africa/Dar_es_Salaam,85,
c7d8bd3c7c9f68faec307dc1325f6e942fff76a7,DELETE,executable,jreproduct/org.testeditor.feature/win32-x86/jre/lib/zi/Africa/Djibouti,65,
17cb1b07b5ca7a7ceec351ec087405c1c79328c0,DELETE,executable,jreproduct/org.testeditor.feature/win32-x86/jre/lib/zi/Africa/Douala,65,
afc9e313ffa59f68933d75435a58918b64bbb7f8,DELETE,executable,jreproduct/org.testeditor.feature/win32-x86/jre/lib/zi/Africa/El_Aaiun,812,
81060eacc3dc44b127a070affbfda8df3a21bd1f,DELETE,executable,jreproduct/org.testeditor.feature/win32-x86/jre/lib/zi/Africa/Freetown,313,
0c163f487c3439ac2bb4339f20f155380d3efc54,DELETE,executable,jreproduct/org.testeditor.feature/win32-x86/jre/lib/zi/Africa/Gaborone,89,
9d17d7b3b39503cc849726d42982faa62a166ce1,DELETE,executable,jreproduct/org.testeditor.feature/win32-x86/jre/lib/zi/Africa/Harare,65,
30c7029c4b54bc19dd9e9010cfb2242f28ff18e5,DELETE,executable,jreproduct/org.testeditor.feature/win32-x86/jre/lib/zi/Africa/Johannesburg,105,
e68d2d412a11424ed9a184a039e08a67a48c1d2e,DELETE,executable,jreproduct/org.testeditor.feature/win32-x86/jre/lib/zi/Africa/Kampala,97,
30afdc572ff22d75b5d06f5e3ce460c274a34bdd,DELETE,executable,jreproduct/org.testeditor.feature/win32-x86/jre/lib/zi/Africa/Khartoum,337,
745a3c084004c5031597af7fa64c560d0c564a31,DELETE,executable,jreproduct/org.testeditor.feature/win32-x86/jre/lib/zi/Africa/Kigali,65,
a1c56385e6a13ebd6f2b5d87cc791ed1f822000c,DELETE,executable,jreproduct/org.testeditor.feature/win32-x86/jre/lib/zi/Africa/Kinshasa,27,
0c9a8d3e93440b1aa3e48d6000abd51255fb93b3,DELETE,executable,jreproduct/org.testeditor.feature/win32-x86/jre/lib/zi/Africa/Lagos,65,
9f93b7d8abec836b4da45ca47df932ea8523e907,DELETE,executable,jreproduct/org.testeditor.feature/win32-x86/jre/lib/zi/Africa/Libreville,65,
c053c64bf9f0aceee7abb7fb4cc131407fc640ce,DELETE,executable,jreproduct/org.testeditor.feature/win32-x86/jre/lib/zi/Africa/Lome,27,
8534514515206cba14ceb2804902b0e863aacb0d,DELETE,executable,jreproduct/org.testeditor.feature/win32-x86/jre/lib/zi/Africa/Luanda,65,
449568b5a6e1bd59395cd085bb77f87df3431073,DELETE,executable,jreproduct/org.testeditor.feature/win32-x86/jre/lib/zi/Africa/Lubumbashi,27,
f27612afba26049777cacd2fa6afd59c23cf48c7,DELETE,executable,jreproduct/org.testeditor.feature/win32-x86/jre/lib/zi/Africa/Lusaka,65,
063956f8260c2576e998b1dbb459887b395febdb,DELETE,executable,jreproduct/org.testeditor.feature/win32-x86/jre/lib/zi/Africa/Malabo,77,
4733bde3f176a5a89e0def796ee3dc2235310a50,DELETE,executable,jreproduct/org.testeditor.feature/win32-x86/jre/lib/zi/Africa/Maputo,65,
8e03dc9a59ee39ba256a0bb7f9657ddeb0e17271,DELETE,executable,jreproduct/org.testeditor.feature/win32-x86/jre/lib/zi/Africa/Maseru,89,
f8d95784e6fcc7483b3a480a89b2a46df54ae303,DELETE,executable,jreproduct/org.testeditor.feature/win32-x86/jre/lib/zi/Africa/Mbabane,65,
82c82cfd79d3ddea6a564ebae2f997b355205795,DELETE,executable,jreproduct/org.testeditor.feature/win32-x86/jre/lib/zi/Africa/Mogadishu,73,
aef485e233010699c247fb3fd5d4c2bb274ce94e,DELETE,executable,jreproduct/org.testeditor.feature/win32-x86/jre/lib/zi/Africa/Monrovia,77,
95f50af04758a03dda5ea2ae04f22662941fb021,DELETE,executable,jreproduct/org.testeditor.feature/win32-x86/jre/lib/zi/Africa/Nairobi,97,
27513b95d1496410da616cfcc17f500d7aa1dc64,DELETE,executable,jreproduct/org.testeditor.feature/win32-x86/jre/lib/zi/Africa/Ndjamena,89,
e141ed762ed30b91168cee79c84d37509de4b685,DELETE,executable,jreproduct/org.testeditor.feature/win32-x86/jre/lib/zi/Africa/Niamey,89,
a95e82cf41592efa5efc70797c9e4c3f35d30c56,DELETE,executable,jreproduct/org.testeditor.feature/win32-x86/jre/lib/zi/Africa/Nouakchott,85,
21f02b977fac7a328abef7a4a69ea0f6b0fe2a7e,DELETE,executable,jreproduct/org.testeditor.feature/win32-x86/jre/lib/zi/Africa/Ouagadougou,65,
3e6c36aebc77303b2944db8a675b952b5e67273e,DELETE,executable,jreproduct/org.testeditor.feature/win32-x86/jre/lib/zi/Africa/Porto-Novo,77,
2da55b4a6c392d71020160844d2e2662ddb628ca,DELETE,executable,jreproduct/org.testeditor.feature/win32-x86/jre/lib/zi/Africa/Sao_Tome,65,
420656c3ff48f56715f34d55784bc8e086368890,DELETE,executable,jreproduct/org.testeditor.feature/win32-x86/jre/lib/zi/Africa/Tripoli,317,
9c291446947e6cc27ad28d88ca3d16bf43fd2b27,DELETE,executable,jreproduct/org.testeditor.feature/win32-x86/jre/lib/zi/Africa/Tunis,329,
9b05de701ab7cc79f7daf076e7a278859ac8df65,DELETE,executable,jreproduct/org.testeditor.feature/win32-x86/jre/lib/zi/Africa/Windhoek,824,
6f4c8ff2582dba71eeeab951dbfe50970a6d066b,DELETE,executable,jreproduct/org.testeditor.feature/win32-x86/jre/lib/zi/America/Adak,1224,
0a095a70f793a40a872dd6fa3145b558607be43b,DELETE,executable,jreproduct/org.testeditor.feature/win32-x86/jre/lib/zi/America/Anchorage,1224,
113e507acd5a44a1e212065235dd4cd9026988d2,DELETE,executable,jreproduct/org.testeditor.feature/win32-x86/jre/lib/zi/America/Antigua,77,
4bf8e54b99197ac3a1534d4f6622cbdf3ca47fca,DELETE,executable,jreproduct/org.testeditor.feature/win32-x86/jre/lib/zi/America/Araguaina,473,
4aedb079bebb5081b58f9dd2728389263516108a,DELETE,executable,jreproduct/org.testeditor.feature/win32-x86/jre/lib/zi/America/Argentina/Buenos_Aires,549,
6ee49f2835b50ebe250ec541d06920ab8fca289b,DELETE,executable,jreproduct/org.testeditor.feature/win32-x86/jre/lib/zi/America/Argentina/Catamarca,549,
1d46b2b4778f2fa33406bbb8c423682ded969547,DELETE,executable,jreproduct/org.testeditor.feature/win32-x86/jre/lib/zi/America/Argentina/Cordoba,549,
78b24d57dbe4fd7dd998616a0cd3bc5c69cc4b92,DELETE,executable,jreproduct/org.testeditor.feature/win32-x86/jre/lib/zi/America/Argentina/Jujuy,533,
f8ce69c1028c6e583d61caad511b79f252ae0bbe,DELETE,executable,jreproduct/org.testeditor.feature/win32-x86/jre/lib/zi/America/Argentina/La_Rioja,557,
a7d10a9ead663c407b19b76414952c21605b5854,DELETE,executable,jreproduct/org.testeditor.feature/win32-x86/jre/lib/zi/America/Argentina/Mendoza,549,
064f3d75a9d1d5bfdc6e24cad10202c763b9fad8,DELETE,executable,jreproduct/org.testeditor.feature/win32-x86/jre/lib/zi/America/Argentina/Rio_Gallegos,549,
a3228dd80cdf01a053472dde9707a88825b85bab,DELETE,executable,jreproduct/org.testeditor.feature/win32-x86/jre/lib/zi/America/Argentina/Salta,533,
3ffa8b9f6b8e317d67c4812f04829ac6784ca334,DELETE,executable,jreproduct/org.testeditor.feature/win32-x86/jre/lib/zi/America/Argentina/San_Juan,557,
c5b83530fe4833eb8c9e3cfc178914a926284f2b,DELETE,executable,jreproduct/org.testeditor.feature/win32-x86/jre/lib/zi/America/Argentina/San_Luis,557,
a3b96a8599ee3819502b3e2bad45b7cd5c05f381,DELETE,executable,jreproduct/org.testeditor.feature/win32-x86/jre/lib/zi/America/Argentina/Tucuman,565,
e35a483a843dcbe98132f3a4c321a3b81b9d1c6d,DELETE,executable,jreproduct/org.testeditor.feature/win32-x86/jre/lib/zi/America/Argentina/Ushuaia,549,
b03b3f9dc19e2b3f8a0ea0630691dd65f739ef90,DELETE,executable,jreproduct/org.testeditor.feature/win32-x86/jre/lib/zi/America/Asuncion,1116,
fb0f96a4ce4577cb6605cfebd3e7b704b9721384,DELETE,executable,jreproduct/org.testeditor.feature/win32-x86/jre/lib/zi/America/Atikokan,93,
b717ddcb0f98fe0672ec6b229c842619bc664125,DELETE,executable,jreproduct/org.testeditor.feature/win32-x86/jre/lib/zi/America/Bahia,553,
4d88fe918107f4d6bac3853bbc41de290f9ff65b,DELETE,executable,jreproduct/org.testeditor.feature/win32-x86/jre/lib/zi/America/Bahia_Banderas,844,
67cec56d9f21a76404161be9a7da39add5560972,DELETE,executable,jreproduct/org.testeditor.feature/win32-x86/jre/lib/zi/America/Barbados,137,
81f0782abe98ce9f49a23e1f9337d1c5138d0f9d,DELETE,executable,jreproduct/org.testeditor.feature/win32-x86/jre/lib/zi/America/Belem,297,
3fd45cadb8aaee157c5a69d7a728fce19d2394b5,DELETE,executable,jreproduct/org.testeditor.feature/win32-x86/jre/lib/zi/America/Belize,513,
5e297903701b79d807c3b16575254aa719d78cc9,DELETE,executable,jreproduct/org.testeditor.feature/win32-x86/jre/lib/zi/America/Blanc-Sablon,93,
f04df404fc907195c0c6f33b861792a9f569a62b,DELETE,executable,jreproduct/org.testeditor.feature/win32-x86/jre/lib/zi/America/Boa_Vista,329,
a8c36149377cdd64fabf5b92af3d8823cf083e59,DELETE,executable,jreproduct/org.testeditor.feature/win32-x86/jre/lib/zi/America/Bogota,89,
657b509de1e0a693e1f01e6fdfa1ba49c8f45ea6,DELETE,executable,jreproduct/org.testeditor.feature/win32-x86/jre/lib/zi/America/Boise,1284,
7b4aa02ffb5da3091ef778ca7620f153aebcb4c8,DELETE,executable,jreproduct/org.testeditor.feature/win32-x86/jre/lib/zi/America/Cambridge_Bay,1076,
4ef04c3af0e18d6988d63225a7f8a62e0b17f810,DELETE,executable,jreproduct/org.testeditor.feature/win32-x86/jre/lib/zi/America/Campo_Grande,1116,
7d70f54e7c440ed1a3b67eb0dddd694975b2130d,DELETE,executable,jreproduct/org.testeditor.feature/win32-x86/jre/lib/zi/America/Cancun,792,
d9e501ed9c3398a6ac980f3fea0162f80b20cc34,DELETE,executable,jreproduct/org.testeditor.feature/win32-x86/jre/lib/zi/America/Caracas,85,
f3201a88de391014ba1b69b32915b498ff7e899f,DELETE,executable,jreproduct/org.testeditor.feature/win32-x86/jre/lib/zi/America/Cayenne,77,
a3bda23db2cac93fca9b4efca00bfedf1f36321d,DELETE,executable,jreproduct/org.testeditor.feature/win32-x86/jre/lib/zi/America/Cayman,65,
b6e34bb8968fcabcda011f7a094979bb7dd7556f,DELETE,executable,jreproduct/org.testeditor.feature/win32-x86/jre/lib/zi/America/Chicago,1960,
ad90dd7fa8702296a5b7c82e39d36338ae9e23ea,DELETE,executable,jreproduct/org.testeditor.feature/win32-x86/jre/lib/zi/America/Chihuahua,816,
dcdf70d95f5d8700f77ad1d9e192f979daaf09dd,DELETE,executable,jreproduct/org.testeditor.feature/win32-x86/jre/lib/zi/America/Costa_Rica,137,
cc74ef27d3c369e93faa4ccd99502774a5e1e8f9,DELETE,executable,jreproduct/org.testeditor.feature/win32-x86/jre/lib/zi/America/Creston,73,
499118c332e4129da73be6b4a163d241164c5f23,DELETE,executable,jreproduct/org.testeditor.feature/win32-x86/jre/lib/zi/America/Cuiaba,1100,
8be5f82a65a46e6e33e8e1155728445f3aa2a9eb,DELETE,executable,jreproduct/org.testeditor.feature/win32-x86/jre/lib/zi/America/Curacao,77,
119e8c13c7189a4c9b66d6e70455c0fc0a399728,DELETE,executable,jreproduct/org.testeditor.feature/win32-x86/jre/lib/zi/America/Danmarkshavn,341,
92687f86488a66f6ede788f60cd74a80225836ff,DELETE,executable,jreproduct/org.testeditor.feature/win32-x86/jre/lib/zi/America/Dawson,1108,
674c2e96dbe5a8adbe20c1a716af35d1cf829a51,DELETE,executable,jreproduct/org.testeditor.feature/win32-x86/jre/lib/zi/America/Dawson_Creek,509,
f6a199afa734fcc7538c2f803a93e36d8fe9bbe6,DELETE,executable,jreproduct/org.testeditor.feature/win32-x86/jre/lib/zi/America/Denver,1336,
98c1481abbb993cd83692fdc81d1746f7163f0ba,DELETE,executable,jreproduct/org.testeditor.feature/win32-x86/jre/lib/zi/America/Detroit,1200,
bfa665399dde7883b86365d8b63f86ddf6c994ec,DELETE,executable,jreproduct/org.testeditor.feature/win32-x86/jre/lib/zi/America/Edmonton,1316,
2ba9b6c20af1589da1ada235ed5850489ee9f256,DELETE,executable,jreproduct/org.testeditor.feature/win32-x86/jre/lib/zi/America/Eirunepe,329,
dec153e23e357a479cf58e2743a8f11260cea8eb,DELETE,executable,jreproduct/org.testeditor.feature/win32-x86/jre/lib/zi/America/El_Salvador,105,
ddf0a49d4aa357a261a284cbd53e57fca0173626,DELETE,executable,jreproduct/org.testeditor.feature/win32-x86/jre/lib/zi/America/Fortaleza,377,
b4ab3c542854f330f13fca8a036dd12372739496,DELETE,executable,jreproduct/org.testeditor.feature/win32-x86/jre/lib/zi/America/Glace_Bay,1204,
47c8b5f404ae8b7322790868b47da85e098ed0de,DELETE,executable,jreproduct/org.testeditor.feature/win32-x86/jre/lib/zi/America/Godthab,1036,
279fa0c80acdcf10308b3fed1020dd7513708954,DELETE,executable,jreproduct/org.testeditor.feature/win32-x86/jre/lib/zi/America/Goose_Bay,1728,
b3b7540673a254fcb4fa7b8e3b476723077ae57a,DELETE,executable,jreproduct/org.testeditor.feature/win32-x86/jre/lib/zi/America/Grand_Turk,1044,
4b5fbc967a206597af73a5d39d6f850b28963e83,DELETE,executable,jreproduct/org.testeditor.feature/win32-x86/jre/lib/zi/America/Guatemala,137,
abeec97e842bd1fa23aa084ef933bd221fd5f19d,DELETE,executable,jreproduct/org.testeditor.feature/win32-x86/jre/lib/zi/America/Guayaquil,65,
9752e2a1c8713b95fade4c2e27937e2957a95529,DELETE,executable,jreproduct/org.testeditor.feature/win32-x86/jre/lib/zi/America/Guyana,89,
7d3a8e5cdec424c594f645fad7c7b9be883b3310,DELETE,executable,jreproduct/org.testeditor.feature/win32-x86/jre/lib/zi/America/Halifax,1908,
8fb01c0e2fc11dfde3638ff84581d9bcaa47bf1b,DELETE,executable,jreproduct/org.testeditor.feature/win32-x86/jre/lib/zi/America/Havana,1340,
ba35968fcce07dd5c18af0200a05739c6a5ed22c,DELETE,executable,jreproduct/org.testeditor.feature/win32-x86/jre/lib/zi/America/Hermosillo,189,
544c3a67033496817ce570d6383db79ca4618ba2,DELETE,executable,jreproduct/org.testeditor.feature/win32-x86/jre/lib/zi/America/Indiana/Indianapolis,868,
0e83dfa934cbb8e07184ffcc37421d55b5deba3a,DELETE,executable,jreproduct/org.testeditor.feature/win32-x86/jre/lib/zi/America/Indiana/Knox,1304,
e7dda2ffe0be077e7962db91c397fcb350615d99,DELETE,executable,jreproduct/org.testeditor.feature/win32-x86/jre/lib/zi/America/Indiana/Marengo,900,
131a567bfd3ece9b9708eb278bc81e939a5ec006,DELETE,executable,jreproduct/org.testeditor.feature/win32-x86/jre/lib/zi/America/Indiana/Petersburg,1004,
d5fec61934c0e82ba28bf7df631738a774756dbb,DELETE,executable,jreproduct/org.testeditor.feature/win32-x86/jre/lib/zi/America/Indiana/Tell_City,884,
a57f504506068228549bc0a1d62ebc8b6444d789,DELETE,executable,jreproduct/org.testeditor.feature/win32-x86/jre/lib/zi/America/Indiana/Vevay,724,
cf8f076eaab516ecb2bb631306e86522d4a00a11,DELETE,executable,jreproduct/org.testeditor.feature/win32-x86/jre/lib/zi/America/Indiana/Vincennes,884,
c0956ab5fc65e877c9f7b266ff34cb25fc5b0ed9,DELETE,executable,jreproduct/org.testeditor.feature/win32-x86/jre/lib/zi/America/Indiana/Winamac,932,
6c5790464c24b832e2eb87354396141623409a33,DELETE,executable,jreproduct/org.testeditor.feature/win32-x86/jre/lib/zi/America/Inuvik,1060,
3c20593632242645cf6fecb22ff898d0c4c11396,DELETE,executable,jreproduct/org.testeditor.feature/win32-x86/jre/lib/zi/America/Iqaluit,1064,
3032c3859e6435112b0d96afde8fc9e6985f6fd6,DELETE,executable,jreproduct/org.testeditor.feature/win32-x86/jre/lib/zi/America/Jamaica,233,
327c700c711019fc972132c132a1ee1914f6ac03,DELETE,executable,jreproduct/org.testeditor.feature/win32-x86/jre/lib/zi/America/Juneau,1224,
ace96d8ae786ce90bf613e5c9f378c8186d2483e,DELETE,executable,jreproduct/org.testeditor.feature/win32-x86/jre/lib/zi/America/Kentucky/Louisville,1500,
193f04ed9e605df9a74b92ee216cff96441ff9ed,DELETE,executable,jreproduct/org.testeditor.feature/win32-x86/jre/lib/zi/America/Kentucky/Monticello,1260,
aa8d4dc430820a8bcb35b8a10edd48a463371d77,DELETE,executable,jreproduct/org.testeditor.feature/win32-x86/jre/lib/zi/America/La_Paz,81,
38e125e99e7809e857d706cb2e3f2f6bee84dedd,DELETE,executable,jreproduct/org.testeditor.feature/win32-x86/jre/lib/zi/America/Lima,185,
185946de967c48147b06ea549c1aaf1a645beed5,DELETE,executable,jreproduct/org.testeditor.feature/win32-x86/jre/lib/zi/America/Los_Angeles,1560,
72e8895c615c05866a3eb25291aebb5b8d85982e,DELETE,executable,jreproduct/org.testeditor.feature/win32-x86/jre/lib/zi/America/Maceio,393,
70966b27099a9238b85ef74fd43100bc85cd5001,DELETE,executable,jreproduct/org.testeditor.feature/win32-x86/jre/lib/zi/America/Managua,185,
0eef7a318e80c66321280bdc2d273501c73bda6c,DELETE,executable,jreproduct/org.testeditor.feature/win32-x86/jre/lib/zi/America/Manaus,313,
4c25163cf0add05e4d437b2dfb763bd2c5b672fa,DELETE,executable,jreproduct/org.testeditor.feature/win32-x86/jre/lib/zi/America/Martinique,89,
9ba622c3e87b43638b21c29b53361916573ec7fe,DELETE,executable,jreproduct/org.testeditor.feature/win32-x86/jre/lib/zi/America/Matamoros,788,
b3b95159cc657df7d7bac42fb00b72d4598425ee,DELETE,executable,jreproduct/org.testeditor.feature/win32-x86/jre/lib/zi/America/Mazatlan,840,
3897393c1fdd51233defeef413e04dacd2a24dba,DELETE,executable,jreproduct/org.testeditor.feature/win32-x86/jre/lib/zi/America/Menominee,1216,
7af08333cd065378bd74ab2b9a9573ee0f6541ce,DELETE,executable,jreproduct/org.testeditor.feature/win32-x86/jre/lib/zi/America/Merida,788,
1428e2846f39fea45b660ffcc33e8a70e9cc4887,DELETE,executable,jreproduct/org.testeditor.feature/win32-x86/jre/lib/zi/America/Metlakatla,329,
634ed4262bf40c634f9f7fdd3e49826c92294ab5,DELETE,executable,jreproduct/org.testeditor.feature/win32-x86/jre/lib/zi/America/Mexico_City,880,
605f75ce104a82514532014cf2a8a60c0123c7fb,DELETE,executable,jreproduct/org.testeditor.feature/win32-x86/jre/lib/zi/America/Miquelon,928,
bb331aca5ee58eb09a12bfe5d15ff6c64585830d,DELETE,executable,jreproduct/org.testeditor.feature/win32-x86/jre/lib/zi/America/Moncton,1732,
0cce29501051f48c17f2ffb6bfa3ed6e52a368c5,DELETE,executable,jreproduct/org.testeditor.feature/win32-x86/jre/lib/zi/America/Monterrey,788,
7ddf4ad4fc412917866743233e9f2cb0e6a6c2e9,DELETE,executable,jreproduct/org.testeditor.feature/win32-x86/jre/lib/zi/America/Montevideo,1152,
e0865f576a6e7370531043f4e1504eb39083c80b,DELETE,executable,jreproduct/org.testeditor.feature/win32-x86/jre/lib/zi/America/Montreal,1928,
42fd552600fe2e7fc48d79962b7c03903116ae04,DELETE,executable,jreproduct/org.testeditor.feature/win32-x86/jre/lib/zi/America/Nassau,1284,
fe1bc5bd602855016d7606aea74c40686b1ab0ac,DELETE,executable,jreproduct/org.testeditor.feature/win32-x86/jre/lib/zi/America/New_York,1960,
f66e29b1ea032caa3dd3647ad74c6c62660257e4,DELETE,executable,jreproduct/org.testeditor.feature/win32-x86/jre/lib/zi/America/Nipigon,1144,
3c9961d02d14de8f79bb0cad0df848d447044e5d,DELETE,executable,jreproduct/org.testeditor.feature/win32-x86/jre/lib/zi/America/Nome,1228,
7f32312cdb79ad62dc4424a6e4c7e6a06c4692e4,DELETE,executable,jreproduct/org.testeditor.feature/win32-x86/jre/lib/zi/America/Noronha,377,
faba6fdaa52a6dc373576d33b07d8a1516d20fec,DELETE,executable,jreproduct/org.testeditor.feature/win32-x86/jre/lib/zi/America/North_Dakota/Beulah,1276,
208f067c9c747e7d5d7f89ef0096bc69610507f0,DELETE,executable,jreproduct/org.testeditor.feature/win32-x86/jre/lib/zi/America/North_Dakota/Center,1276,
60a5c1f07c3da5b10ca266bcee74197993af950f,DELETE,executable,jreproduct/org.testeditor.feature/win32-x86/jre/lib/zi/America/North_Dakota/New_Salem,1276,
2d02924bda79b500295b727e494c0561e183ba5b,DELETE,executable,jreproduct/org.testeditor.feature/win32-x86/jre/lib/zi/America/Ojinaga,816,
41ffc50f698a375ea1db7494d68164367282db99,DELETE,executable,jreproduct/org.testeditor.feature/win32-x86/jre/lib/zi/America/Panama,65,
096318a829f288a4fad69c3f11bff56da89c4d69,DELETE,executable,jreproduct/org.testeditor.feature/win32-x86/jre/lib/zi/America/Pangnirtung,1076,
4f49a8c21353c1339c0b570d63d9f33805ded9bf,DELETE,executable,jreproduct/org.testeditor.feature/win32-x86/jre/lib/zi/America/Paramaribo,101,
866d8aa112c9402b9d487ef2635d099651a25503,DELETE,executable,jreproduct/org.testeditor.feature/win32-x86/jre/lib/zi/America/Phoenix,141,
c6a0c698fea68893ca457f464123a9fed9872155,DELETE,executable,jreproduct/org.testeditor.feature/win32-x86/jre/lib/zi/America/Port-au-Prince,788,
2c166c24850e80c2d413a02bf194c9d54c820712,DELETE,executable,jreproduct/org.testeditor.feature/win32-x86/jre/lib/zi/America/Port_of_Spain,65,
d4099c686a9a72009fd31b96a9ba4497e6273c79,DELETE,executable,jreproduct/org.testeditor.feature/win32-x86/jre/lib/zi/America/Porto_Velho,297,
5d30510f65dc95f3f0845c651f4e1061f81cc486,DELETE,executable,jreproduct/org.testeditor.feature/win32-x86/jre/lib/zi/America/Puerto_Rico,77,
64258c9fd87a7dd5511853c8bb42f261ab0e4f11,DELETE,executable,jreproduct/org.testeditor.feature/win32-x86/jre/lib/zi/America/Rainy_River,1144,
99db076ab916aae4badb20bdcf4d5c62a7dc597e,DELETE,executable,jreproduct/org.testeditor.feature/win32-x86/jre/lib/zi/America/Rankin_Inlet,1052,
3a415bec4de5d5610974b7002dde84c2d9a53622,DELETE,executable,jreproduct/org.testeditor.feature/win32-x86/jre/lib/zi/America/Recife,377,
fc0ba8b3de748a10cf7347045558944261f505fc,DELETE,executable,jreproduct/org.testeditor.feature/win32-x86/jre/lib/zi/America/Regina,481,
74813b59fdd20b66ea7dad424a3cab4656c34685,DELETE,executable,jreproduct/org.testeditor.feature/win32-x86/jre/lib/zi/America/Resolute,1052,
e421571595e868ed4e1e1e2ff0085073aae9eb9c,DELETE,executable,jreproduct/org.testeditor.feature/win32-x86/jre/lib/zi/America/Rio_Branco,313,
96f7b7f24280e83d36f9e279dacfe63e24092f53,DELETE,executable,jreproduct/org.testeditor.feature/win32-x86/jre/lib/zi/America/Santa_Isabel,1276,
133d49d968339f899ddb0dbefc57c72ca776bfee,DELETE,executable,jreproduct/org.testeditor.feature/win32-x86/jre/lib/zi/America/Santarem,305,
426b48d5e6e268ee11f03b22768f967f2c9a71ee,DELETE,executable,jreproduct/org.testeditor.feature/win32-x86/jre/lib/zi/America/Santiago,1368,
2062ba8c53ef7a439883771efe29effaf9b6ec5f,DELETE,executable,jreproduct/org.testeditor.feature/win32-x86/jre/lib/zi/America/Santo_Domingo,201,
f5404f993082932df4b4baf03d3c2780d594aa42,DELETE,executable,jreproduct/org.testeditor.feature/win32-x86/jre/lib/zi/America/Sao_Paulo,1116,
e070a591761b81043f19fa4c022c82ac445eeac0,DELETE,executable,jreproduct/org.testeditor.feature/win32-x86/jre/lib/zi/America/Scoresbysund,1040,
47477fa9a3ae42f13e539f4566f96383bdca18ef,DELETE,executable,jreproduct/org.testeditor.feature/win32-x86/jre/lib/zi/America/Sitka,1224,
e742d9fd9b2dd944314c597dbaac816dfb8eb7f9,DELETE,executable,jreproduct/org.testeditor.feature/win32-x86/jre/lib/zi/America/St_Johns,2000,
3d6dc694e27de84fbcdc66031e6db9fdc72437b3,DELETE,executable,jreproduct/org.testeditor.feature/win32-x86/jre/lib/zi/America/Swift_Current,241,
a6dc4f97971db7836d6d651eeed399f81d90276e,DELETE,executable,jreproduct/org.testeditor.feature/win32-x86/jre/lib/zi/America/Tegucigalpa,121,
1788c8ac45d32c3b9237309d3264ed67e55cbdb1,DELETE,executable,jreproduct/org.testeditor.feature/win32-x86/jre/lib/zi/America/Thule,852,
1218977421082abdff21daaa09983b5368d0aaa1,DELETE,executable,jreproduct/org.testeditor.feature/win32-x86/jre/lib/zi/America/Thunder_Bay,1188,
edacc846ef3f77c58d604199d7921075894db299,DELETE,executable,jreproduct/org.testeditor.feature/win32-x86/jre/lib/zi/America/Tijuana,1276,
5802bf7e19a7c5d0258663fe028baf402e349bff,DELETE,executable,jreproduct/org.testeditor.feature/win32-x86/jre/lib/zi/America/Toronto,1928,
060053e83b9ce2ab1e330ffab6d18c3a6414b3c1,DELETE,executable,jreproduct/org.testeditor.feature/win32-x86/jre/lib/zi/America/Vancouver,1592,
672c43461241e839a0814eb15f855cf1d02350bb,DELETE,executable,jreproduct/org.testeditor.feature/win32-x86/jre/lib/zi/America/Whitehorse,1108,
1be3ea3236cd849fe65a50e3f336015342ce3452,DELETE,executable,jreproduct/org.testeditor.feature/win32-x86/jre/lib/zi/America/Winnipeg,1560,
59802f5c92d539f6758e28f6c7c212900edabd78,DELETE,executable,jreproduct/org.testeditor.feature/win32-x86/jre/lib/zi/America/Yakutat,1220,
444979b53a26fcd80ed62874501dd567779bc396,DELETE,executable,jreproduct/org.testeditor.feature/win32-x86/jre/lib/zi/America/Yellowknife,1068,
6d6971fc71c6c14e3435b2808520f5c5be3e44ca,DELETE,executable,jreproduct/org.testeditor.feature/win32-x86/jre/lib/zi/Antarctica/Casey,101,
fac4447ccdac5d71964c0f0ba7c5b0b43f6e0a78,DELETE,executable,jreproduct/org.testeditor.feature/win32-x86/jre/lib/zi/Antarctica/Davis,117,
d2aad97607d144410458d5b359628a8214c0d13e,DELETE,executable,jreproduct/org.testeditor.feature/win32-x86/jre/lib/zi/Antarctica/DumontDUrville,81,
06a6b24326853eb47096cd95978eb0a08e8118f6,DELETE,executable,jreproduct/org.testeditor.feature/win32-x86/jre/lib/zi/Antarctica/Macquarie,785,
30b4c3b54943ab111170bc69d90f2520925db2bc,DELETE,executable,jreproduct/org.testeditor.feature/win32-x86/jre/lib/zi/Antarctica/Mawson,77,
c738c89f6b43d381b38b37b707b1a8e656416ff5,DELETE,executable,jreproduct/org.testeditor.feature/win32-x86/jre/lib/zi/Antarctica/Palmer,1104,
1a5ff48b2426c15ffe56a858a87f6763b71b3a05,DELETE,executable,jreproduct/org.testeditor.feature/win32-x86/jre/lib/zi/Antarctica/Rothera,65,
8fee42304105ca50a9ec5dad5d938d745a52a735,DELETE,executable,jreproduct/org.testeditor.feature/win32-x86/jre/lib/zi/Antarctica/Syowa,65,
1cd5eeb95d70063bdd3e0766605272d7a366c4fc,DELETE,executable,jreproduct/org.testeditor.feature/win32-x86/jre/lib/zi/Antarctica/Vostok,65,
f32948e5a161cb102f6abe649b9a273b02f70259,DELETE,executable,jreproduct/org.testeditor.feature/win32-x86/jre/lib/zi/Asia/Aden,65,
b045cb66e9d3e8b4615c694add8c75a98a193a4b,DELETE,executable,jreproduct/org.testeditor.feature/win32-x86/jre/lib/zi/Asia/Almaty,453,
21b5d89e4a508b7b24db2eb871b033af1c7768d9,DELETE,executable,jreproduct/org.testeditor.feature/win32-x86/jre/lib/zi/Asia/Amman,617,
99134a6dba4ae582a6219d73328b9fec249cfa1e,DELETE,executable,jreproduct/org.testeditor.feature/win32-x86/jre/lib/zi/Asia/Anadyr,585,
b7daace2c7c2655c41e214734f72a54e67417dd1,DELETE,executable,jreproduct/org.testeditor.feature/win32-x86/jre/lib/zi/Asia/Aqtau,453,
6f0d3aee4e8c5d35a965d50a5165aec46c7dd9f4,DELETE,executable,jreproduct/org.testeditor.feature/win32-x86/jre/lib/zi/Asia/Aqtobe,453,
b7473006bedb72cc845800baf0a641ed4555bdab,DELETE,executable,jreproduct/org.testeditor.feature/win32-x86/jre/lib/zi/Asia/Ashgabat,269,
010f916766624380862cbb8f4066cc8b3c120816,DELETE,executable,jreproduct/org.testeditor.feature/win32-x86/jre/lib/zi/Asia/Baghdad,489,
5263315799be5aa0129afe19289378a063c7f696,DELETE,executable,jreproduct/org.testeditor.feature/win32-x86/jre/lib/zi/Asia/Bahrain,77,
2562329e50a50ced7e6404c170f43aa66ec0189a,DELETE,executable,jreproduct/org.testeditor.feature/win32-x86/jre/lib/zi/Asia/Baku,976,
75a8d7f2ab19733571451753972f892f8df89963,DELETE,executable,jreproduct/org.testeditor.feature/win32-x86/jre/lib/zi/Asia/Bangkok,65,
8e3677676e37d66c40ce2374b41fe64bae958df3,DELETE,executable,jreproduct/org.testeditor.feature/win32-x86/jre/lib/zi/Asia/Beirut,1208,
4feaaa4395b1521dffa7541964e774a89478baba,DELETE,executable,jreproduct/org.testeditor.feature/win32-x86/jre/lib/zi/Asia/Bishkek,485,
a15c2e8200ec6af7ada1b1a2040bb5b821aa462c,DELETE,executable,jreproduct/org.testeditor.feature/win32-x86/jre/lib/zi/Asia/Brunei,77,
d81cb6aa557eb4ad2bfab29fc728c911f57012c1,DELETE,executable,jreproduct/org.testeditor.feature/win32-x86/jre/lib/zi/Asia/Choibalsan,449,
856a1d932098aa3109190b7393863e7ea8948dc3,DELETE,executable,jreproduct/org.testeditor.feature/win32-x86/jre/lib/zi/Asia/Chongqing,181,
7a55a1df78cf53a8cf0be36b5da60e2bae993e7a,DELETE,executable,jreproduct/org.testeditor.feature/win32-x86/jre/lib/zi/Asia/Colombo,129,
c4e49ebd5fa39149001eff37317161747a45bcd5,DELETE,executable,jreproduct/org.testeditor.feature/win32-x86/jre/lib/zi/Asia/Damascus,1300,
24c8027718639cf105af0de9d9f4fdf55ba4dd9a,DELETE,executable,jreproduct/org.testeditor.feature/win32-x86/jre/lib/zi/Asia/Dhaka,121,
8612a0d2c7820a605c30f95caaa63776e1883352,DELETE,executable,jreproduct/org.testeditor.feature/win32-x86/jre/lib/zi/Asia/Dili,93,
4be71d70ac4781e0065a8e083a8f4b3fd405207b,DELETE,executable,jreproduct/org.testeditor.feature/win32-x86/jre/lib/zi/Asia/Dubai,65,
69105c226e0f90e8ae6e65fde3a7e741487f1f4a,DELETE,executable,jreproduct/org.testeditor.feature/win32-x86/jre/lib/zi/Asia/Dushanbe,261,
86e56a8585fb0211038c5bf8cc50e5acdaff7186,DELETE,executable,jreproduct/org.testeditor.feature/win32-x86/jre/lib/zi/Asia/Gaza,1236,
0903ee88adfcad4e0b6dc2e2e59e5b7a1c273ec9,DELETE,executable,jreproduct/org.testeditor.feature/win32-x86/jre/lib/zi/Asia/Harbin,205,
c5f7da08749d5743f19566cc9bab1b6919e20e47,DELETE,executable,jreproduct/org.testeditor.feature/win32-x86/jre/lib/zi/Asia/Hebron,1252,
3d120fc220b5b3a1d65c46c8935215bd6099b783,DELETE,executable,jreproduct/org.testeditor.feature/win32-x86/jre/lib/zi/Asia/Ho_Chi_Minh,97,
18b58feb758fb8a9ac7cb7904e2680e72aabf60d,DELETE,executable,jreproduct/org.testeditor.feature/win32-x86/jre/lib/zi/Asia/Hong_Kong,617,
aeec7855f055eb4ee6e22d19ed27e7e5d7d37600,DELETE,executable,jreproduct/org.testeditor.feature/win32-x86/jre/lib/zi/Asia/Hovd,437,
9fa84fb6263c5fc41ac642fce22ba63af37bce8a,DELETE,executable,jreproduct/org.testeditor.feature/win32-x86/jre/lib/zi/Asia/Irkutsk,581,
c5a182e4069a013598fd64cbb9f3dc53166f330f,DELETE,executable,jreproduct/org.testeditor.feature/win32-x86/jre/lib/zi/Asia/Jakarta,129,
8d62e7ba5afd9f6c5c3eb0589dedbde1726ecb0f,DELETE,executable,jreproduct/org.testeditor.feature/win32-x86/jre/lib/zi/Asia/Jayapura,85,
61f9a63d8b95ce21d3c5727f68eb815eccb29462,DELETE,executable,jreproduct/org.testeditor.feature/win32-x86/jre/lib/zi/Asia/Jerusalem,1236,
927ecae8da67321c6a2ed21c007971c4dbed577d,DELETE,executable,jreproduct/org.testeditor.feature/win32-x86/jre/lib/zi/Asia/Kabul,65,
a810baa323e996a8dfa7cfcba274a46c64148948,DELETE,executable,jreproduct/org.testeditor.feature/win32-x86/jre/lib/zi/Asia/Kamchatka,581,
a6146b2591e31a6093453dfacb6e3eb22356b169,DELETE,executable,jreproduct/org.testeditor.feature/win32-x86/jre/lib/zi/Asia/Karachi,153,
d2fe446b1c5afce21ed318b26b371175405b1125,DELETE,executable,jreproduct/org.testeditor.feature/win32-x86/jre/lib/zi/Asia/Kashgar,193,
03970e6cad43c78a06995bb966b7088ed8cb2388,DELETE,executable,jreproduct/org.testeditor.feature/win32-x86/jre/lib/zi/Asia/Kathmandu,77,
ac12eab88ff35e72d268f573ac528842a6b9cada,DELETE,executable,jreproduct/org.testeditor.feature/win32-x86/jre/lib/zi/Asia/Khandyga,601,
7c1e77710e6f19888fa4b6ff27baa2421275b6c8,DELETE,executable,jreproduct/org.testeditor.feature/win32-x86/jre/lib/zi/Asia/Kolkata,97,
0353422f41894f1bec470c7811ee3c1d8d7882d6,DELETE,executable,jreproduct/org.testeditor.feature/win32-x86/jre/lib/zi/Asia/Krasnoyarsk,581,
8170bbe5b8566ce9734558afc0567d022cf4721b,DELETE,executable,jreproduct/org.testeditor.feature/win32-x86/jre/lib/zi/Asia/Kuala_Lumpur,145,
d51c2b2ee8e0ffd57946be44dac5c4ad1fa5687b,DELETE,executable,jreproduct/org.testeditor.feature/win32-x86/jre/lib/zi/Asia/Kuching,217,
6ad1b4a78cd4ca8d1b8fb1a8a4caad9bb27eafa2,DELETE,executable,jreproduct/org.testeditor.feature/win32-x86/jre/lib/zi/Asia/Kuwait,65,
65f9aeed20cdb2ef0d91ba678b0811c0991409b7,DELETE,executable,jreproduct/org.testeditor.feature/win32-x86/jre/lib/zi/Asia/Macau,393,
eb4218eddb4601d70a7c483e74309c3dcac4c8c0,DELETE,executable,jreproduct/org.testeditor.feature/win32-x86/jre/lib/zi/Asia/Magadan,581,
b9b4302dc5e0e113484a3e065a1ad3185eccab73,DELETE,executable,jreproduct/org.testeditor.feature/win32-x86/jre/lib/zi/Asia/Makassar,85,
b216309cec88060ad2012e3705ebf824b3bd17fe,DELETE,executable,jreproduct/org.testeditor.feature/win32-x86/jre/lib/zi/Asia/Manila,125,
e36b911bc6936a363628416500481e24a29495b7,DELETE,executable,jreproduct/org.testeditor.feature/win32-x86/jre/lib/zi/Asia/Muscat,65,
be62b9a3d45467f48c4c019c37cb6a3e31eab4d8,DELETE,executable,jreproduct/org.testeditor.feature/win32-x86/jre/lib/zi/Asia/Nicosia,1116,
b58acde03a5ca87bac48427845180a18faff2f94,DELETE,executable,jreproduct/org.testeditor.feature/win32-x86/jre/lib/zi/Asia/Novokuznetsk,581,
ea233f476d2a4efdc21658ff4512ae1d478c15fd,DELETE,executable,jreproduct/org.testeditor.feature/win32-x86/jre/lib/zi/Asia/Novosibirsk,589,
f8e3674469206141f0205a9a68c5ed673e08e7e6,DELETE,executable,jreproduct/org.testeditor.feature/win32-x86/jre/lib/zi/Asia/Omsk,581,
2cee6f0dddc28028b5a60cf5cfcb5090d5ff1958,DELETE,executable,jreproduct/org.testeditor.feature/win32-x86/jre/lib/zi/Asia/Oral,461,
01f676f5582b78320b7b17010c1ef0810b56fa53,DELETE,executable,jreproduct/org.testeditor.feature/win32-x86/jre/lib/zi/Asia/Phnom_Penh,97,
0bf2cc026761fa02280ba7f909ff88aa62c2577b,DELETE,executable,jreproduct/org.testeditor.feature/win32-x86/jre/lib/zi/Asia/Pontianak,125,
30451c0802c3b768201612dafad2e6ebc6779e21,DELETE,executable,jreproduct/org.testeditor.feature/win32-x86/jre/lib/zi/Asia/Pyongyang,101,
8af265e3b3ec94e8d36c36dc058e1c3a382a5b48,DELETE,executable,jreproduct/org.testeditor.feature/win32-x86/jre/lib/zi/Asia/Qatar,77,
cfc8b3b9ce5b8ba3dc9c467d0d08ae2effc489ea,DELETE,executable,jreproduct/org.testeditor.feature/win32-x86/jre/lib/zi/Asia/Qyzylorda,465,
9856e5d915b766c39289bb1b8b352864b4dc173e,DELETE,executable,jreproduct/org.testeditor.feature/win32-x86/jre/lib/zi/Asia/Rangoon,85,
6a3af3723db9a9dd116ab505ccca4b55b377fc03,DELETE,executable,jreproduct/org.testeditor.feature/win32-x86/jre/lib/zi/Asia/Riyadh,65,
dd8eff858b83663eec3690a84f41d88e732d091a,DELETE,executable,jreproduct/org.testeditor.feature/win32-x86/jre/lib/zi/Asia/Riyadh87,4821,
44da5ae9ddecc779f997a0242118714b2a216b7f,DELETE,executable,jreproduct/org.testeditor.feature/win32-x86/jre/lib/zi/Asia/Riyadh88,4733,
f4ef0a3e21c9000c81f2a9f8f1762298d0ba8d11,DELETE,executable,jreproduct/org.testeditor.feature/win32-x86/jre/lib/zi/Asia/Riyadh89,4765,
a11eb2a4f4ad4895b6b60c12086c67af1ce2402a,DELETE,executable,jreproduct/org.testeditor.feature/win32-x86/jre/lib/zi/Asia/Sakhalin,585,
6028934f28cacc34acf2ff0fcd0ef95440de669a,DELETE,executable,jreproduct/org.testeditor.feature/win32-x86/jre/lib/zi/Asia/Samarkand,261,
95a04ca673eeb2f0195c99727acee3cf7feb89c2,DELETE,executable,jreproduct/org.testeditor.feature/win32-x86/jre/lib/zi/Asia/Seoul,165,
d3ab1f7497e13ffd1767ae4524c92a2c1a34f1f8,DELETE,executable,jreproduct/org.testeditor.feature/win32-x86/jre/lib/zi/Asia/Shanghai,201,
a69e322fecb8de11928f14241c7ba11d5d26611e,DELETE,executable,jreproduct/org.testeditor.feature/win32-x86/jre/lib/zi/Asia/Singapore,133,
b1940fcf2d968256c3a241fec9cff2dcc18e8fdd,DELETE,executable,jreproduct/org.testeditor.feature/win32-x86/jre/lib/zi/Asia/Taipei,381,
2676562e2481a3ba846e790b70eb4a31a455e624,DELETE,executable,jreproduct/org.testeditor.feature/win32-x86/jre/lib/zi/Asia/Tashkent,261,
91a429fa12383f019c61724c3a3ea758d9e8babf,DELETE,executable,jreproduct/org.testeditor.feature/win32-x86/jre/lib/zi/Asia/Tbilisi,469,
bc9e1d2ec91f7a2f48175be79ae9d5ef4cf659d4,DELETE,executable,jreproduct/org.testeditor.feature/win32-x86/jre/lib/zi/Asia/Tehran,892,
6e708db4ab1bb17eecf221e77eba2590d5f52605,DELETE,executable,jreproduct/org.testeditor.feature/win32-x86/jre/lib/zi/Asia/Thimphu,77,
1438f0e723e7e886c27524a2b498b8e93ce8ad6c,DELETE,executable,jreproduct/org.testeditor.feature/win32-x86/jre/lib/zi/Asia/Tokyo,125,
81a2c5b89c3a4c4bd1023f74ae67cb82bf7ae33c,DELETE,executable,jreproduct/org.testeditor.feature/win32-x86/jre/lib/zi/Asia/Ulaanbaatar,437,
547c76b2ff5da6c0ef4e9f7ea83d1ca83cd915e2,DELETE,executable,jreproduct/org.testeditor.feature/win32-x86/jre/lib/zi/Asia/Urumqi,181,
4fd569dc21b491ce895552af9284c220ceffde77,DELETE,executable,jreproduct/org.testeditor.feature/win32-x86/jre/lib/zi/Asia/Ust-Nera,597,
2a82e465c0d41b37809fef4ea490672b2252d15d,DELETE,executable,jreproduct/org.testeditor.feature/win32-x86/jre/lib/zi/Asia/Vientiane,97,
6a74a11bbd2e6ce98c47bce72bed357c00ee9001,DELETE,executable,jreproduct/org.testeditor.feature/win32-x86/jre/lib/zi/Asia/Vladivostok,581,
2bf1e85eab9591ac4c1c2f935111a419e68cddcb,DELETE,executable,jreproduct/org.testeditor.feature/win32-x86/jre/lib/zi/Asia/Yakutsk,581,
1682a4eaba48943a3b6d796dc8c469924d1f20ee,DELETE,executable,jreproduct/org.testeditor.feature/win32-x86/jre/lib/zi/Asia/Yekaterinburg,581,
4957cde6177b33d5f747ecda085d1d8a7f7a8738,DELETE,executable,jreproduct/org.testeditor.feature/win32-x86/jre/lib/zi/Asia/Yerevan,565,
5ebd5ebeefe25a36cbc31b278ad9f7c0cc7d865c,DELETE,executable,jreproduct/org.testeditor.feature/win32-x86/jre/lib/zi/Atlantic/Azores,1868,
aa5433d75dfa7f23434875f17eb637425401f646,DELETE,executable,jreproduct/org.testeditor.feature/win32-x86/jre/lib/zi/Atlantic/Bermuda,1124,
84293ccf82ad7f98bff6574660e85e38040f02f7,DELETE,executable,jreproduct/org.testeditor.feature/win32-x86/jre/lib/zi/Atlantic/Canary,1044,
a379d5387571adb9851020b6de59af373ee1106f,DELETE,executable,jreproduct/org.testeditor.feature/win32-x86/jre/lib/zi/Atlantic/Cape_Verde,97,
a11eea239dd61710a2b6faebcc7afb7dabbeb451,DELETE,executable,jreproduct/org.testeditor.feature/win32-x86/jre/lib/zi/Atlantic/Faroe,1016,
caa79edb04c8d6e959c738df79a9f2d095db7c1e,DELETE,executable,jreproduct/org.testeditor.feature/win32-x86/jre/lib/zi/Atlantic/Madeira,1864,
ca9fe98334b4676b5407994ca30bbadcd9e333a6,DELETE,executable,jreproduct/org.testeditor.feature/win32-x86/jre/lib/zi/Atlantic/Reykjavik,577,
e7de564c1b536ca95098ef01f4e04385a3216343,DELETE,executable,jreproduct/org.testeditor.feature/win32-x86/jre/lib/zi/Atlantic/South_Georgia,27,
2f2ea59c119248d9e870d8f4617a5ad56e842876,DELETE,executable,jreproduct/org.testeditor.feature/win32-x86/jre/lib/zi/Atlantic/St_Helena,65,
c673c56e0bd919c689e600feb8319c032883174c,DELETE,executable,jreproduct/org.testeditor.feature/win32-x86/jre/lib/zi/Atlantic/Stanley,621,
f976536f3febd727c46faf2f6ea64ed0dc7ef752,DELETE,executable,jreproduct/org.testeditor.feature/win32-x86/jre/lib/zi/Australia/Adelaide,1224,
ce400b4d97b81c90f08ff451922cd6b18a6c91dc,DELETE,executable,jreproduct/org.testeditor.feature/win32-x86/jre/lib/zi/Australia/Brisbane,189,
a46328acf25300f8c67719e637d2318e18d580d0,DELETE,executable,jreproduct/org.testeditor.feature/win32-x86/jre/lib/zi/Australia/Broken_Hill,1224,
0bb455f9024bed158a06fb412aba757db1326b60,DELETE,executable,jreproduct/org.testeditor.feature/win32-x86/jre/lib/zi/Australia/Currie,1224,
ec3037cb39ab0f6d49c6cb34f0432e20c615a04e,DELETE,executable,jreproduct/org.testeditor.feature/win32-x86/jre/lib/zi/Australia/Darwin,125,
a1d8f4de35e53b142a7fee7539e1ed029f49cfd5,DELETE,executable,jreproduct/org.testeditor.feature/win32-x86/jre/lib/zi/Australia/Eucla,205,
5b93116c53637b349f3b7263f3e7c2bd7d593b4d,DELETE,executable,jreproduct/org.testeditor.feature/win32-x86/jre/lib/zi/Australia/Hobart,1288,
dddc82c241cda8764d8b45e020bb2591eb1e4760,DELETE,executable,jreproduct/org.testeditor.feature/win32-x86/jre/lib/zi/Australia/Lindeman,221,
b98d361c374d384111ab3670610781a633c778cd,DELETE,executable,jreproduct/org.testeditor.feature/win32-x86/jre/lib/zi/Australia/Lord_Howe,1012,
fb15b645dd796f587cd3ce34a2c2ea8a00531b60,DELETE,executable,jreproduct/org.testeditor.feature/win32-x86/jre/lib/zi/Australia/Melbourne,1224,
5234476c01b56388cead987bee81945588f01d45,DELETE,executable,jreproduct/org.testeditor.feature/win32-x86/jre/lib/zi/Australia/Perth,205,
ad1cdc6ecbd4f9d774085baa071b6962730244e7,DELETE,executable,jreproduct/org.testeditor.feature/win32-x86/jre/lib/zi/Australia/Sydney,1224,
f648311b5c90b01f181c600eaba0397d241fb96e,DELETE,executable,jreproduct/org.testeditor.feature/win32-x86/jre/lib/zi/CET,1184,
4bd7de4e9074f037299823d81eddd6a73be31da2,DELETE,executable,jreproduct/org.testeditor.feature/win32-x86/jre/lib/zi/CST6CDT,1272,
842440d5926d03b5d7d164abc6e59527f89779c0,DELETE,executable,jreproduct/org.testeditor.feature/win32-x86/jre/lib/zi/EET,1072,
3dc09d9d57491fcb23b0dc326a0c2c48b0de1ce0,DELETE,executable,jreproduct/org.testeditor.feature/win32-x86/jre/lib/zi/EST,27,
fc6a33f58c9df250cccdab9818eb9ab4b9540979,DELETE,executable,jreproduct/org.testeditor.feature/win32-x86/jre/lib/zi/EST5EDT,1272,
c053c64bf9f0aceee7abb7fb4cc131407fc640ce,DELETE,executable,jreproduct/org.testeditor.feature/win32-x86/jre/lib/zi/Etc/GMT,27,
06c4d826e6d9a9c7ac1088c79c04a277ed1181ec,DELETE,executable,jreproduct/org.testeditor.feature/win32-x86/jre/lib/zi/Etc/GMT+1,27,
dfff6cb67d5a49a43d7bcf667381b56b368ae6bf,DELETE,executable,jreproduct/org.testeditor.feature/win32-x86/jre/lib/zi/Etc/GMT+10,27,
5aa26c6312df7e4e7334a5db1341a0ebf0ddcd38,DELETE,executable,jreproduct/org.testeditor.feature/win32-x86/jre/lib/zi/Etc/GMT+11,27,
2db4779099d76e686cd3236fe709323db9d0d8de,DELETE,executable,jreproduct/org.testeditor.feature/win32-x86/jre/lib/zi/Etc/GMT+12,27,
e7de564c1b536ca95098ef01f4e04385a3216343,DELETE,executable,jreproduct/org.testeditor.feature/win32-x86/jre/lib/zi/Etc/GMT+2,27,
ecd3b14bd0c6abd4c111e98095438d681ccd44c0,DELETE,executable,jreproduct/org.testeditor.feature/win32-x86/jre/lib/zi/Etc/GMT+3,27,
db18bbec570b693bb9870d564f2810064ef901a4,DELETE,executable,jreproduct/org.testeditor.feature/win32-x86/jre/lib/zi/Etc/GMT+4,27,
3dc09d9d57491fcb23b0dc326a0c2c48b0de1ce0,DELETE,executable,jreproduct/org.testeditor.feature/win32-x86/jre/lib/zi/Etc/GMT+5,27,
f4543072b2763185eefdf4a9b4b71db64d8b11ba,DELETE,executable,jreproduct/org.testeditor.feature/win32-x86/jre/lib/zi/Etc/GMT+6,27,
50f2ec30eabe1ba7c94d67b1ad778321f4ffc07c,DELETE,executable,jreproduct/org.testeditor.feature/win32-x86/jre/lib/zi/Etc/GMT+7,27,
b4acc1ef383566aa75161688ba8e6fc3aea47c59,DELETE,executable,jreproduct/org.testeditor.feature/win32-x86/jre/lib/zi/Etc/GMT+8,27,
57a0850a5606db9fd0822c8a06dc3a8db123f6d7,DELETE,executable,jreproduct/org.testeditor.feature/win32-x86/jre/lib/zi/Etc/GMT+9,27,
a1c56385e6a13ebd6f2b5d87cc791ed1f822000c,DELETE,executable,jreproduct/org.testeditor.feature/win32-x86/jre/lib/zi/Etc/GMT-1,27,
45dfc5b3d2ec6108cf4010bc60ed4f48c6e63dfc,DELETE,executable,jreproduct/org.testeditor.feature/win32-x86/jre/lib/zi/Etc/GMT-10,27,
bfa86593d2a590967e5f2532765eb2d3b9ba5023,DELETE,executable,jreproduct/org.testeditor.feature/win32-x86/jre/lib/zi/Etc/GMT-11,27,
f31b8b604e5681e9c547b467824bf6f64d012f22,DELETE,executable,jreproduct/org.testeditor.feature/win32-x86/jre/lib/zi/Etc/GMT-12,27,
94559e50c11a9e022ce7b1bd5428aab0e3901eb5,DELETE,executable,jreproduct/org.testeditor.feature/win32-x86/jre/lib/zi/Etc/GMT-13,27,
065df1b47db14572eeebbcfe6ac7d07f00e510ab,DELETE,executable,jreproduct/org.testeditor.feature/win32-x86/jre/lib/zi/Etc/GMT-14,27,
449568b5a6e1bd59395cd085bb77f87df3431073,DELETE,executable,jreproduct/org.testeditor.feature/win32-x86/jre/lib/zi/Etc/GMT-2,27,
79569d1b8e5cb49137bc9d953367a49f1c39e0e7,DELETE,executable,jreproduct/org.testeditor.feature/win32-x86/jre/lib/zi/Etc/GMT-3,27,
167aac09ef6f2d7b78e74e34f31d14d5f7718bcb,DELETE,executable,jreproduct/org.testeditor.feature/win32-x86/jre/lib/zi/Etc/GMT-4,27,
0ec3e1b9e963e6e8d532165994efe3e84318c69d,DELETE,executable,jreproduct/org.testeditor.feature/win32-x86/jre/lib/zi/Etc/GMT-5,27,
df2bfd84a8e316f8e0ef00719f27b383cc74bb7f,DELETE,executable,jreproduct/org.testeditor.feature/win32-x86/jre/lib/zi/Etc/GMT-6,27,
4f0ba157974e171cabbc5299fbabd7a613887595,DELETE,executable,jreproduct/org.testeditor.feature/win32-x86/jre/lib/zi/Etc/GMT-7,27,
bc836af909efd91d1e59f3c4888f81712a911a05,DELETE,executable,jreproduct/org.testeditor.feature/win32-x86/jre/lib/zi/Etc/GMT-8,27,
cb04e406b83ba721e782f4eb045976444961a17c,DELETE,executable,jreproduct/org.testeditor.feature/win32-x86/jre/lib/zi/Etc/GMT-9,27,
c053c64bf9f0aceee7abb7fb4cc131407fc640ce,DELETE,executable,jreproduct/org.testeditor.feature/win32-x86/jre/lib/zi/Etc/UCT,27,
c053c64bf9f0aceee7abb7fb4cc131407fc640ce,DELETE,executable,jreproduct/org.testeditor.feature/win32-x86/jre/lib/zi/Etc/UTC,27,
32735b1e074e2cabf9a7113a2a3deba1addc01e2,DELETE,executable,jreproduct/org.testeditor.feature/win32-x86/jre/lib/zi/Europe/Amsterdam,1544,
e32c6a73064bf319b3bb63760446356550ebbb06,DELETE,executable,jreproduct/org.testeditor.feature/win32-x86/jre/lib/zi/Europe/Andorra,968,
b2c49f12d15cbd801bca4c883f0c2beda9243fb2,DELETE,executable,jreproduct/org.testeditor.feature/win32-x86/jre/lib/zi/Europe/Athens,1196,
f1a2e5d4581b40a923a3fe801dc815f5f15401b7,DELETE,executable,jreproduct/org.testeditor.feature/win32-x86/jre/lib/zi/Europe/Belgrade,1040,
92228ebd72c3221639bc1d879ea5e535e3323c99,DELETE,executable,jreproduct/org.testeditor.feature/win32-x86/jre/lib/zi/Europe/Berlin,1236,
d36abac0159ccce5718fe68ea870fc40d6a08c33,DELETE,executable,jreproduct/org.testeditor.feature/win32-x86/jre/lib/zi/Europe/Brussels,1564,
04f680d43c8be6ed9daefcfe729d30ab9fe9a289,DELETE,executable,jreproduct/org.testeditor.feature/win32-x86/jre/lib/zi/Europe/Bucharest,1180,
4bbdf854fe2d9adbdffd870414f8258f3a2c537d,DELETE,executable,jreproduct/org.testeditor.feature/win32-x86/jre/lib/zi/Europe/Budapest,1312,
7a5548112b8596603a434888fd378748c636a289,DELETE,executable,jreproduct/org.testeditor.feature/win32-x86/jre/lib/zi/Europe/Chisinau,1212,
706b5f1b32ca55e777da9e8f35edc12f1311f2e6,DELETE,executable,jreproduct/org.testeditor.feature/win32-x86/jre/lib/zi/Europe/Copenhagen,1152,
ae2623ecaf5f91799b6a9ad6b525f9ac635396e5,DELETE,executable,jreproduct/org.testeditor.feature/win32-x86/jre/lib/zi/Europe/Dublin,1916,
996f2dda68b715b18890c56d8b560343bac5bb7d,DELETE,executable,jreproduct/org.testeditor.feature/win32-x86/jre/lib/zi/Europe/Gibraltar,1676,
7caa02c46cdf78694fd3cb0bfad74b09dfe2c240,DELETE,executable,jreproduct/org.testeditor.feature/win32-x86/jre/lib/zi/Europe/Helsinki,1036,
74b395371780ca4d5c3cf02dc39ad75bb5be0934,DELETE,executable,jreproduct/org.testeditor.feature/win32-x86/jre/lib/zi/Europe/Istanbul,1464,
bc552d70240ca765f82789375b5ac555c1f3b4ac,DELETE,executable,jreproduct/org.testeditor.feature/win32-x86/jre/lib/zi/Europe/Kaliningrad,681,
0c5622c94b05144b666d7f6153da28d8ce4f3fc2,DELETE,executable,jreproduct/org.testeditor.feature/win32-x86/jre/lib/zi/Europe/Kiev,1048,
7957f52e26ce0a6bf190545efaafa3fe8720b558,DELETE,executable,jreproduct/org.testeditor.feature/win32-x86/jre/lib/zi/Europe/Lisbon,1868,
8abdac936942668a0c0ab15b7899f47d03797c90,DELETE,executable,jreproduct/org.testeditor.feature/win32-x86/jre/lib/zi/Europe/London,2024,
ad42d9260d8a5d88899877564ab445de86cf56ff,DELETE,executable,jreproduct/org.testeditor.feature/win32-x86/jre/lib/zi/Europe/Luxembourg,1568,
9cfe6d476ae434b77b012350fc2fb27bbde373f7,DELETE,executable,jreproduct/org.testeditor.feature/win32-x86/jre/lib/zi/Europe/Madrid,1416,
11342ee080e93d79940356b298e1b012ff3775c6,DELETE,executable,jreproduct/org.testeditor.feature/win32-x86/jre/lib/zi/Europe/Malta,1440,
bf8ed8d2dadbae977c954cff892659182ddc7061,DELETE,executable,jreproduct/org.testeditor.feature/win32-x86/jre/lib/zi/Europe/Minsk,605,
c8962f17c11e3fcf1b79fd5eaca447993de2ae64,DELETE,executable,jreproduct/org.testeditor.feature/win32-x86/jre/lib/zi/Europe/Monaco,1576,
77c81c8a3f35779d677e2d1765e83297ecc06bf9,DELETE,executable,jreproduct/org.testeditor.feature/win32-x86/jre/lib/zi/Europe/Moscow,693,
2a03c1abedb5aed20329c2895990a5f682ceda91,DELETE,executable,jreproduct/org.testeditor.feature/win32-x86/jre/lib/zi/Europe/Oslo,1216,
88464607bf535e3a1258f41bcb27ba4605450101,DELETE,executable,jreproduct/org.testeditor.feature/win32-x86/jre/lib/zi/Europe/Paris,1568,
a3575ca47288d2191f321b9926e166f7457e3a49,DELETE,executable,jreproduct/org.testeditor.feature/win32-x86/jre/lib/zi/Europe/Prague,1216,
579af8d3fc9adfba72329f7a804f1a0125f105ac,DELETE,executable,jreproduct/org.testeditor.feature/win32-x86/jre/lib/zi/Europe/Riga,1108,
406e00837402cfda63cb653c182d55408aee3cfc,DELETE,executable,jreproduct/org.testeditor.feature/win32-x86/jre/lib/zi/Europe/Rome,1440,
9ffb4ada5ec33b5d6c6006692cc680ef6ce9b569,DELETE,executable,jreproduct/org.testeditor.feature/win32-x86/jre/lib/zi/Europe/Samara,581,
8f093603dd540ba43fc10f8ada5b7cc4b5d43d8b,DELETE,executable,jreproduct/org.testeditor.feature/win32-x86/jre/lib/zi/Europe/Simferopol,1064,
4d580d998df1dd8ddd312248443c2ddf1285c94d,DELETE,executable,jreproduct/org.testeditor.feature/win32-x86/jre/lib/zi/Europe/Sofia,1088,
585921f63343ce2ec557e595690f12ab6cee7ff4,DELETE,executable,jreproduct/org.testeditor.feature/win32-x86/jre/lib/zi/Europe/Stockholm,1040,
2e3502bbec3bfbc98a94873879f32175d6300406,DELETE,executable,jreproduct/org.testeditor.feature/win32-x86/jre/lib/zi/Europe/Tallinn,1080,
68951f235515cf04c1b216141f83ada585a39200,DELETE,executable,jreproduct/org.testeditor.feature/win32-x86/jre/lib/zi/Europe/Tirane,1164,
006cf7fbf0f9a5621fe9af221a5070ce53741e8f,DELETE,executable,jreproduct/org.testeditor.feature/win32-x86/jre/lib/zi/Europe/Uzhgorod,1052,
443589657fc24c58a3b2f230d5bd204f2d1ff919,DELETE,executable,jreproduct/org.testeditor.feature/win32-x86/jre/lib/zi/Europe/Vienna,1200,
19053406f86fe7df7434330482e8da89a051d3f1,DELETE,executable,jreproduct/org.testeditor.feature/win32-x86/jre/lib/zi/Europe/Vilnius,1060,
8d2a268e18a5d301b042c25aa656986370bea82f,DELETE,executable,jreproduct/org.testeditor.feature/win32-x86/jre/lib/zi/Europe/Volgograd,565,
5b5ae9b276790877b4e85c4940a50d1e342cd4e9,DELETE,executable,jreproduct/org.testeditor.feature/win32-x86/jre/lib/zi/Europe/Warsaw,1416,
fac9e9c351be356fc258199ee8fcfd8e7c6ea095,DELETE,executable,jreproduct/org.testeditor.feature/win32-x86/jre/lib/zi/Europe/Zaporozhye,1072,
a8e52137bc29bdd0f0c1fbeecf6ec8df6504997f,DELETE,executable,jreproduct/org.testeditor.feature/win32-x86/jre/lib/zi/Europe/Zurich,1040,
c053c64bf9f0aceee7abb7fb4cc131407fc640ce,DELETE,executable,jreproduct/org.testeditor.feature/win32-x86/jre/lib/zi/GMT,27,
dfff6cb67d5a49a43d7bcf667381b56b368ae6bf,DELETE,executable,jreproduct/org.testeditor.feature/win32-x86/jre/lib/zi/HST,27,
6874ec5b9cd945b6d4820900a13389c8d1181294,DELETE,executable,jreproduct/org.testeditor.feature/win32-x86/jre/lib/zi/Indian/Antananarivo,89,
92d4c2bd1406052885bcc84a376fd2221aabab72,DELETE,executable,jreproduct/org.testeditor.feature/win32-x86/jre/lib/zi/Indian/Chagos,77,
4f0ba157974e171cabbc5299fbabd7a613887595,DELETE,executable,jreproduct/org.testeditor.feature/win32-x86/jre/lib/zi/Indian/Christmas,27,
b763ec23a21d9925a3fa5459fd46f4ae3d0915c4,DELETE,executable,jreproduct/org.testeditor.feature/win32-x86/jre/lib/zi/Indian/Cocos,27,
421e310da86d1160c63f5365b137bd61f3b9f3ef,DELETE,executable,jreproduct/org.testeditor.feature/win32-x86/jre/lib/zi/Indian/Comoro,65,
a395cc5d6ae6201c75c3838775163d6f0b7c8e4a,DELETE,executable,jreproduct/org.testeditor.feature/win32-x86/jre/lib/zi/Indian/Kerguelen,65,
f0079c8ca84675ca0dcdca79d11cd04281d2999d,DELETE,executable,jreproduct/org.testeditor.feature/win32-x86/jre/lib/zi/Indian/Mahe,65,
1a177ad33a574e9cfa40062a11624232f8c2dcd7,DELETE,executable,jreproduct/org.testeditor.feature/win32-x86/jre/lib/zi/Indian/Maldives,65,
c5c4200a16a5a16f9a9a865d583a8d614c69f75a,DELETE,executable,jreproduct/org.testeditor.feature/win32-x86/jre/lib/zi/Indian/Mauritius,105,
044d3e127e50bb4aeacc4b7a250faaca5cbc5b69,DELETE,executable,jreproduct/org.testeditor.feature/win32-x86/jre/lib/zi/Indian/Mayotte,65,
d994b2ea53ab560e52c7b781bccb8a3aa155db57,DELETE,executable,jreproduct/org.testeditor.feature/win32-x86/jre/lib/zi/Indian/Reunion,65,
f648311b5c90b01f181c600eaba0397d241fb96e,DELETE,executable,jreproduct/org.testeditor.feature/win32-x86/jre/lib/zi/MET,1184,
50f2ec30eabe1ba7c94d67b1ad778321f4ffc07c,DELETE,executable,jreproduct/org.testeditor.feature/win32-x86/jre/lib/zi/MST,27,
b4485f79ea245c0dddfa690b558475a8ef1329c1,DELETE,executable,jreproduct/org.testeditor.feature/win32-x86/jre/lib/zi/MST7MDT,1272,
909318e996772e724302578ac4bce2ca1844efea,DELETE,executable,jreproduct/org.testeditor.feature/win32-x86/jre/lib/zi/PST8PDT,1272,
e7b8f343a33ab25045c86a44c32714aa1e0aa577,DELETE,executable,jreproduct/org.testeditor.feature/win32-x86/jre/lib/zi/Pacific/Apia,568,
ae3a0d04f8ada5ffb8a01d0cac7b3c2d98701ce7,DELETE,executable,jreproduct/org.testeditor.feature/win32-x86/jre/lib/zi/Pacific/Auckland,1348,
369a6f7f2efd1f0f251cf4cdfd856af417074984,DELETE,executable,jreproduct/org.testeditor.feature/win32-x86/jre/lib/zi/Pacific/Chatham,1124,
2cd33c50731a6cda6929074a43ea9b59499fee0a,DELETE,executable,jreproduct/org.testeditor.feature/win32-x86/jre/lib/zi/Pacific/Chuuk,65,
9d08bd945fe53892ed05e01c93432665e389686d,DELETE,executable,jreproduct/org.testeditor.feature/win32-x86/jre/lib/zi/Pacific/Easter,1248,
53c120ef478bd78f49a8973b1032243eb0a188d4,DELETE,executable,jreproduct/org.testeditor.feature/win32-x86/jre/lib/zi/Pacific/Efate,233,
eb7110d9127e3f18820efc9fc3c53dbda107fe0c,DELETE,executable,jreproduct/org.testeditor.feature/win32-x86/jre/lib/zi/Pacific/Enderbury,89,
4738ad4a8927503fc7cabb6e5f026ec6dbd97c30,DELETE,executable,jreproduct/org.testeditor.feature/win32-x86/jre/lib/zi/Pacific/Fakaofo,77,
7f0875a3ecfdbbdc396cef71e86b224f2bb2925c,DELETE,executable,jreproduct/org.testeditor.feature/win32-x86/jre/lib/zi/Pacific/Fiji,588,
3c396db243cc9897d7388d563dbe70edfa47901f,DELETE,executable,jreproduct/org.testeditor.feature/win32-x86/jre/lib/zi/Pacific/Funafuti,65,
62a94dd8f5429188fbb0f2d38d6b7f27af45dec6,DELETE,executable,jreproduct/org.testeditor.feature/win32-x86/jre/lib/zi/Pacific/Galapagos,77,
17a754d91f5c39d9d6356befc9c3999dd57fdbdb,DELETE,executable,jreproduct/org.testeditor.feature/win32-x86/jre/lib/zi/Pacific/Gambier,65,
89d7a15fc2a08ab3b54897918038acb46e4dbe2d,DELETE,executable,jreproduct/org.testeditor.feature/win32-x86/jre/lib/zi/Pacific/Guadalcanal,65,
88a6f73488c97c94aae6c9e5c370c3d96f792b03,DELETE,executable,jreproduct/org.testeditor.feature/win32-x86/jre/lib/zi/Pacific/Guam,65,
42d62d330aa5abb2caf6fd4f4ed23c1201cd61d4,DELETE,executable,jreproduct/org.testeditor.feature/win32-x86/jre/lib/zi/Pacific/Honolulu,105,
380bec7a7e830c58b77e55c42d6703ca6f2ddc15,DELETE,executable,jreproduct/org.testeditor.feature/win32-x86/jre/lib/zi/Pacific/Kiritimati,89,
a837cbc0065c13a3f035c539819bd4d9457de37c,DELETE,executable,jreproduct/org.testeditor.feature/win32-x86/jre/lib/zi/Pacific/Kosrae,85,
dab0ae305e7c4fad593c29d44b2c082371914997,DELETE,executable,jreproduct/org.testeditor.feature/win32-x86/jre/lib/zi/Pacific/Kwajalein,89,
3a6ffc7fb07761cccbf7523a89b7ac871c81ab0c,DELETE,executable,jreproduct/org.testeditor.feature/win32-x86/jre/lib/zi/Pacific/Majuro,77,
1fc45acb0254ea64c4674f96157de1939d4f4b8d,DELETE,executable,jreproduct/org.testeditor.feature/win32-x86/jre/lib/zi/Pacific/Marquesas,65,
7830c183f3d62be49a7270076142bf8ea46a15f4,DELETE,executable,jreproduct/org.testeditor.feature/win32-x86/jre/lib/zi/Pacific/Midway,89,
76e61f09783d619bc6a2e8599dddc409c18d8e11,DELETE,executable,jreproduct/org.testeditor.feature/win32-x86/jre/lib/zi/Pacific/Nauru,97,
5ffe72d29a7bfd8e038cc349fe8b421f5a60ba29,DELETE,executable,jreproduct/org.testeditor.feature/win32-x86/jre/lib/zi/Pacific/Niue,89,
87233037ed2e470ad4b63c910a1ba79ea23b3241,DELETE,executable,jreproduct/org.testeditor.feature/win32-x86/jre/lib/zi/Pacific/Norfolk,77,
99773723512384b490f2844d71e7ebd850340da4,DELETE,executable,jreproduct/org.testeditor.feature/win32-x86/jre/lib/zi/Pacific/Noumea,121,
f0f7d9ee1d380f4d17cdbd718cebfcf3cb52d38f,DELETE,executable,jreproduct/org.testeditor.feature/win32-x86/jre/lib/zi/Pacific/Pago_Pago,77,
b7a78e6bb658b5f081da49e39cbd0c5bd77e0c36,DELETE,executable,jreproduct/org.testeditor.feature/win32-x86/jre/lib/zi/Pacific/Palau,65,
d1cef6907f43ef284b228c3b3dffab2dabb1cdc0,DELETE,executable,jreproduct/org.testeditor.feature/win32-x86/jre/lib/zi/Pacific/Pitcairn,77,
9cb065887cfe0c58ca266597e36311860ac3dc10,DELETE,executable,jreproduct/org.testeditor.feature/win32-x86/jre/lib/zi/Pacific/Pohnpei,65,
45dfc5b3d2ec6108cf4010bc60ed4f48c6e63dfc,DELETE,executable,jreproduct/org.testeditor.feature/win32-x86/jre/lib/zi/Pacific/Port_Moresby,27,
1a0f6c48382ceb19e4ec601887946cf39d4306f5,DELETE,executable,jreproduct/org.testeditor.feature/win32-x86/jre/lib/zi/Pacific/Rarotonga,285,
b6c3c1eaec0cc3015c43c230ecf032cbfeb95bed,DELETE,executable,jreproduct/org.testeditor.feature/win32-x86/jre/lib/zi/Pacific/Saipan,77,
86d257f50d67f89bedaa2caaecc18ddea5db0608,DELETE,executable,jreproduct/org.testeditor.feature/win32-x86/jre/lib/zi/Pacific/Tahiti,65,
fd181c2b4aafd407a3b8f5b4526b374c80fef2b7,DELETE,executable,jreproduct/org.testeditor.feature/win32-x86/jre/lib/zi/Pacific/Tarawa,65,
17a488b7eff3e4a5a6354cf9911aafe503ba0578,DELETE,executable,jreproduct/org.testeditor.feature/win32-x86/jre/lib/zi/Pacific/Tongatapu,133,
6f1c5524ff1c6241bea312fcc2a18a1b7e1121fc,DELETE,executable,jreproduct/org.testeditor.feature/win32-x86/jre/lib/zi/Pacific/Wake,65,
f492d160236fccac4312a7b1696d720ac7f80db7,DELETE,executable,jreproduct/org.testeditor.feature/win32-x86/jre/lib/zi/Pacific/Wallis,65,
db18bbec570b693bb9870d564f2810064ef901a4,DELETE,executable,jreproduct/org.testeditor.feature/win32-x86/jre/lib/zi/SystemV/AST4,27,
0eac0dea03a8d01c5886a419af3709d0c43f5301,DELETE,executable,jreproduct/org.testeditor.feature/win32-x86/jre/lib/zi/SystemV/AST4ADT,2288,
f4543072b2763185eefdf4a9b4b71db64d8b11ba,DELETE,executable,jreproduct/org.testeditor.feature/win32-x86/jre/lib/zi/SystemV/CST6,27,
f91f7fbb8afe2decbdd8bc63406c8bb4e310e562,DELETE,executable,jreproduct/org.testeditor.feature/win32-x86/jre/lib/zi/SystemV/CST6CDT,2288,
3dc09d9d57491fcb23b0dc326a0c2c48b0de1ce0,DELETE,executable,jreproduct/org.testeditor.feature/win32-x86/jre/lib/zi/SystemV/EST5,27,
732bb4da22671e3fdbe7d0d271e1b269747856c9,DELETE,executable,jreproduct/org.testeditor.feature/win32-x86/jre/lib/zi/SystemV/EST5EDT,2288,
dfff6cb67d5a49a43d7bcf667381b56b368ae6bf,DELETE,executable,jreproduct/org.testeditor.feature/win32-x86/jre/lib/zi/SystemV/HST10,27,
50f2ec30eabe1ba7c94d67b1ad778321f4ffc07c,DELETE,executable,jreproduct/org.testeditor.feature/win32-x86/jre/lib/zi/SystemV/MST7,27,
7a9023cbfe32f3518b01685e7a9448210b0e34f8,DELETE,executable,jreproduct/org.testeditor.feature/win32-x86/jre/lib/zi/SystemV/MST7MDT,2288,
b4acc1ef383566aa75161688ba8e6fc3aea47c59,DELETE,executable,jreproduct/org.testeditor.feature/win32-x86/jre/lib/zi/SystemV/PST8,27,
84ed6a8305543457a2c3ff266e1b266848de128e,DELETE,executable,jreproduct/org.testeditor.feature/win32-x86/jre/lib/zi/SystemV/PST8PDT,2288,
57a0850a5606db9fd0822c8a06dc3a8db123f6d7,DELETE,executable,jreproduct/org.testeditor.feature/win32-x86/jre/lib/zi/SystemV/YST9,27,
3fa4b947443eacf27af80861613fcd62a18a128e,DELETE,executable,jreproduct/org.testeditor.feature/win32-x86/jre/lib/zi/SystemV/YST9YDT,2288,
4cf87bda355a6c98464ce0be8b841ea408f7aaab,DELETE,executable,jreproduct/org.testeditor.feature/win32-x86/jre/lib/zi/WET,1068,
598f81e2f5c1d31a0bc829933729b7a8f53fc34d,DELETE,executable,jreproduct/org.testeditor.feature/win32-x86/jre/lib/zi/ZoneInfoMappings,15294,
cb48a44f99761e180b823b6435a652cc78736868,DELETE,executable,jreproduct/org.testeditor.feature/win32-x86/jre/release,506,